This is pdfTeX, Version 3.141592653-2.6-1.40.27 (MiKTeX 25.4) (preloaded format=pdflatex 2025.8.10)  10 NOV 2025 14:17
entering extended mode
 restricted \write18 enabled.
 %&-line parsing enabled.
**./main.tex
(main.tex
LaTeX2e <2025-06-01> patch level 1
L3 programming layer <2025-07-20>
(my-article.cls
Document Class: my-article 2025/08/11 HCMUT Report Class - Layout Only
(C:\Users\nguye\AppData\Local\Programs\MiKTeX\tex/latex/base\article.cls
Document Class: article 2025/01/22 v1.4n Standard LaTeX document class
(C:\Users\nguye\AppData\Local\Programs\MiKTeX\tex/latex/base\size12.clo
File: size12.clo 2025/01/22 v1.4n Standard LaTeX file (size option)
)
\c@part=\count275
\c@section=\count276
\c@subsection=\count277
\c@subsubsection=\count278
\c@paragraph=\count279
\c@subparagraph=\count280
\c@figure=\count281
\c@table=\count282
\abovecaptionskip=\skip49
\belowcaptionskip=\skip50
\bibindent=\dimen148
)
(C:\Users\nguye\AppData\Local\Programs\MiKTeX\tex/latex/anyfontsize\anyfontsize
.sty
Package: anyfontsize 2007/11/22 anyfontsize.sty by pts
)
(C:\Users\nguye\AppData\Local\Programs\MiKTeX\tex/latex/amsmath\amsmath.sty
Package: amsmath 2025/06/16 v2.17y AMS math features
\@mathmargin=\skip51

For additional information on amsmath, use the `?' option.
(C:\Users\nguye\AppData\Local\Programs\MiKTeX\tex/latex/amsmath\amstext.sty
Package: amstext 2024/11/17 v2.01 AMS text

(C:\Users\nguye\AppData\Local\Programs\MiKTeX\tex/latex/amsmath\amsgen.sty
File: amsgen.sty 1999/11/30 v2.0 generic functions
\@emptytoks=\toks17
\ex@=\dimen149
))
(C:\Users\nguye\AppData\Local\Programs\MiKTeX\tex/latex/amsmath\amsbsy.sty
Package: amsbsy 1999/11/29 v1.2d Bold Symbols
\pmbraise@=\dimen150
)
(C:\Users\nguye\AppData\Local\Programs\MiKTeX\tex/latex/amsmath\amsopn.sty
Package: amsopn 2022/04/08 v2.04 operator names
)
\inf@bad=\count283
LaTeX Info: Redefining \frac on input line 233.
\uproot@=\count284
\leftroot@=\count285
LaTeX Info: Redefining \overline on input line 398.
LaTeX Info: Redefining \colon on input line 409.
\classnum@=\count286
\DOTSCASE@=\count287
LaTeX Info: Redefining \ldots on input line 495.
LaTeX Info: Redefining \dots on input line 498.
LaTeX Info: Redefining \cdots on input line 619.
\Mathstrutbox@=\box53
\strutbox@=\box54
LaTeX Info: Redefining \big on input line 721.
LaTeX Info: Redefining \Big on input line 722.
LaTeX Info: Redefining \bigg on input line 723.
LaTeX Info: Redefining \Bigg on input line 724.
\big@size=\dimen151
LaTeX Font Info:    Redeclaring font encoding OML on input line 742.
LaTeX Font Info:    Redeclaring font encoding OMS on input line 743.
\macc@depth=\count288
LaTeX Info: Redefining \bmod on input line 904.
LaTeX Info: Redefining \pmod on input line 909.
LaTeX Info: Redefining \smash on input line 939.
LaTeX Info: Redefining \relbar on input line 969.
LaTeX Info: Redefining \Relbar on input line 970.
\c@MaxMatrixCols=\count289
\dotsspace@=\muskip17
\c@parentequation=\count290
\dspbrk@lvl=\count291
\tag@help=\toks18
\row@=\count292
\column@=\count293
\maxfields@=\count294
\andhelp@=\toks19
\eqnshift@=\dimen152
\alignsep@=\dimen153
\tagshift@=\dimen154
\tagwidth@=\dimen155
\totwidth@=\dimen156
\lineht@=\dimen157
\@envbody=\toks20
\multlinegap=\skip52
\multlinetaggap=\skip53
\mathdisplay@stack=\toks21
LaTeX Info: Redefining \[ on input line 2949.
LaTeX Info: Redefining \] on input line 2950.
)
(C:\Users\nguye\AppData\Local\Programs\MiKTeX\tex/latex/amsfonts\amssymb.sty
Package: amssymb 2013/01/14 v3.01 AMS font symbols

(C:\Users\nguye\AppData\Local\Programs\MiKTeX\tex/latex/amsfonts\amsfonts.sty
Package: amsfonts 2013/01/14 v3.01 Basic AMSFonts support
\symAMSa=\mathgroup4
\symAMSb=\mathgroup5
LaTeX Font Info:    Redeclaring math symbol \hbar on input line 98.
LaTeX Font Info:    Overwriting math alphabet `\mathfrak' in version `bold'
(Font)                  U/euf/m/n --> U/euf/b/n on input line 106.
)) (C:\Users\nguye\AppData\Local\Programs\MiKTeX\tex/latex/geometry\geometry.st
y
Package: geometry 2020/01/02 v5.9 Page Geometry

(C:\Users\nguye\AppData\Local\Programs\MiKTeX\tex/latex/graphics\keyval.sty
Package: keyval 2022/05/29 v1.15 key=value parser (DPC)
\KV@toks@=\toks22
)
(C:\Users\nguye\AppData\Local\Programs\MiKTeX\tex/generic/iftex\ifvtex.sty
Package: ifvtex 2019/10/25 v1.7 ifvtex legacy package. Use iftex instead.

(C:\Users\nguye\AppData\Local\Programs\MiKTeX\tex/generic/iftex\iftex.sty
Package: iftex 2024/12/12 v1.0g TeX engine tests
))
\Gm@cnth=\count295
\Gm@cntv=\count296
\c@Gm@tempcnt=\count297
\Gm@bindingoffset=\dimen158
\Gm@wd@mp=\dimen159
\Gm@odd@mp=\dimen160
\Gm@even@mp=\dimen161
\Gm@layoutwidth=\dimen162
\Gm@layoutheight=\dimen163
\Gm@layouthoffset=\dimen164
\Gm@layoutvoffset=\dimen165
\Gm@dimlist=\toks23

(C:\Users\nguye\AppData\Local\Programs\MiKTeX\tex/latex/geometry\geometry.cfg))
(C:\Users\nguye\AppData\Local\Programs\MiKTeX\tex/latex/hyperref\hyperref.sty
Package: hyperref 2025-07-12 v7.01o Hypertext links for LaTeX

(C:\Users\nguye\AppData\Local\Programs\MiKTeX\tex/latex/kvsetkeys\kvsetkeys.sty
Package: kvsetkeys 2022-10-05 v1.19 Key value parser (HO)
)
(C:\Users\nguye\AppData\Local\Programs\MiKTeX\tex/generic/kvdefinekeys\kvdefine
keys.sty
Package: kvdefinekeys 2019-12-19 v1.6 Define keys (HO)
)
(C:\Users\nguye\AppData\Local\Programs\MiKTeX\tex/generic/pdfescape\pdfescape.s
ty
Package: pdfescape 2019/12/09 v1.15 Implements pdfTeX's escape features (HO)

(C:\Users\nguye\AppData\Local\Programs\MiKTeX\tex/generic/ltxcmds\ltxcmds.sty
Package: ltxcmds 2023-12-04 v1.26 LaTeX kernel commands for general use (HO)
)
(C:\Users\nguye\AppData\Local\Programs\MiKTeX\tex/generic/pdftexcmds\pdftexcmds
.sty
Package: pdftexcmds 2020-06-27 v0.33 Utility functions of pdfTeX for LuaTeX (HO
)

(C:\Users\nguye\AppData\Local\Programs\MiKTeX\tex/generic/infwarerr\infwarerr.s
ty
Package: infwarerr 2019/12/03 v1.5 Providing info/warning/error messages (HO)
)
Package pdftexcmds Info: \pdf@primitive is available.
Package pdftexcmds Info: \pdf@ifprimitive is available.
Package pdftexcmds Info: \pdfdraftmode found.
))
(C:\Users\nguye\AppData\Local\Programs\MiKTeX\tex/latex/hycolor\hycolor.sty
Package: hycolor 2020-01-27 v1.10 Color options for hyperref/bookmark (HO)
)
(C:\Users\nguye\AppData\Local\Programs\MiKTeX\tex/latex/hyperref\nameref.sty
Package: nameref 2025-06-21 v2.57 Cross-referencing by name of section

(C:\Users\nguye\AppData\Local\Programs\MiKTeX\tex/latex/refcount\refcount.sty
Package: refcount 2019/12/15 v3.6 Data extraction from label references (HO)
)
(C:\Users\nguye\AppData\Local\Programs\MiKTeX\tex/generic/gettitlestring\gettit
lestring.sty
Package: gettitlestring 2019/12/15 v1.6 Cleanup title references (HO)

(C:\Users\nguye\AppData\Local\Programs\MiKTeX\tex/latex/kvoptions\kvoptions.sty
Package: kvoptions 2022-06-15 v3.15 Key value format for package options (HO)
))
\c@section@level=\count298
)
(C:\Users\nguye\AppData\Local\Programs\MiKTeX\tex/latex/etoolbox\etoolbox.sty
Package: etoolbox 2025/02/11 v2.5l e-TeX tools for LaTeX (JAW)
\etb@tempcnta=\count299
)
(C:\Users\nguye\AppData\Local\Programs\MiKTeX\tex/generic/stringenc\stringenc.s
ty
Package: stringenc 2019/11/29 v1.12 Convert strings between diff. encodings (HO
)
)
\@linkdim=\dimen166
\Hy@linkcounter=\count300
\Hy@pagecounter=\count301
 (C:\Users\nguye\AppData\Local\Programs\MiKTeX\tex/latex/hyperref\pd1enc.def
File: pd1enc.def 2025-07-12 v7.01o Hyperref: PDFDocEncoding definition (HO)
Now handling font encoding PD1 ...
... no UTF-8 mapping file for font encoding PD1
) (C:\Users\nguye\AppData\Local\Programs\MiKTeX\tex/generic/intcalc\intcalc.sty
Package: intcalc 2019/12/15 v1.3 Expandable calculations with integers (HO)
)
\Hy@SavedSpaceFactor=\count302
 (C:\Users\nguye\AppData\Local\Programs\MiKTeX\tex/latex/hyperref\puenc.def
File: puenc.def 2025-07-12 v7.01o Hyperref: PDF Unicode definition (HO)
Now handling font encoding PU ...
... no UTF-8 mapping file for font encoding PU
)
Package hyperref Info: Hyper figures OFF on input line 4195.
Package hyperref Info: Link nesting OFF on input line 4200.
Package hyperref Info: Hyper index ON on input line 4203.
Package hyperref Info: Plain pages OFF on input line 4210.
Package hyperref Info: Backreferencing OFF on input line 4215.
Package hyperref Info: Implicit mode ON; LaTeX internals redefined.
Package hyperref Info: Bookmarks ON on input line 4462.
\c@Hy@tempcnt=\count303

(C:\Users\nguye\AppData\Local\Programs\MiKTeX\tex/latex/url\url.sty
\Urlmuskip=\muskip18
Package: url 2013/09/16  ver 3.4  Verb mode for urls, etc.
)
LaTeX Info: Redefining \url on input line 4801.
\XeTeXLinkMargin=\dimen167

(C:\Users\nguye\AppData\Local\Programs\MiKTeX\tex/generic/bitset\bitset.sty
Package: bitset 2019/12/09 v1.3 Handle bit-vector datatype (HO)

(C:\Users\nguye\AppData\Local\Programs\MiKTeX\tex/generic/bigintcalc\bigintcalc
.sty
Package: bigintcalc 2019/12/15 v1.5 Expandable calculations on big integers (HO
)
))
\Fld@menulength=\count304
\Field@Width=\dimen168
\Fld@charsize=\dimen169
Package hyperref Info: Hyper figures OFF on input line 6078.
Package hyperref Info: Link nesting OFF on input line 6083.
Package hyperref Info: Hyper index ON on input line 6086.
Package hyperref Info: backreferencing OFF on input line 6093.
Package hyperref Info: Link coloring OFF on input line 6098.
Package hyperref Info: Link coloring with OCG OFF on input line 6103.
Package hyperref Info: PDF/A mode OFF on input line 6108.
\Hy@abspage=\count305
\c@Item=\count306
\c@Hfootnote=\count307
)
Package hyperref Info: Driver (autodetected): hpdftex.

(C:\Users\nguye\AppData\Local\Programs\MiKTeX\tex/latex/hyperref\hpdftex.def
File: hpdftex.def 2025-07-12 v7.01o Hyperref driver for pdfTeX
\Fld@listcount=\count308
\c@bookmark@seq@number=\count309

(C:\Users\nguye\AppData\Local\Programs\MiKTeX\tex/latex/rerunfilecheck\rerunfil
echeck.sty
Package: rerunfilecheck 2025-06-21 v1.11 Rerun checks for auxiliary files (HO)

(C:\Users\nguye\AppData\Local\Programs\MiKTeX\tex/generic/uniquecounter\uniquec
ounter.sty
Package: uniquecounter 2019/12/15 v1.4 Provide unlimited unique counter (HO)
)
Package uniquecounter Info: New unique counter `rerunfilecheck' on input line 2
84.
)
\Hy@SectionHShift=\skip54
)
(C:\Users\nguye\AppData\Local\Programs\MiKTeX\tex/latex/tools\indentfirst.sty
Package: indentfirst 2023/07/02 v1.03 Indent first paragraph (DPC)
)
(C:\Users\nguye\AppData\Local\Programs\MiKTeX\tex/latex/setspace\setspace.sty
Package: setspace 2022/12/04 v6.7b set line spacing
)
(C:\Users\nguye\AppData\Local\Programs\MiKTeX\tex/latex/titlesec\titlesec.sty
Package: titlesec 2025/01/04 v2.17 Sectioning titles
\ttl@box=\box55
\beforetitleunit=\skip55
\aftertitleunit=\skip56
\ttl@plus=\dimen170
\ttl@minus=\dimen171
\ttl@toksa=\toks24
\titlewidth=\dimen172
\titlewidthlast=\dimen173
\titlewidthfirst=\dimen174
)
(C:\Users\nguye\AppData\Local\Programs\MiKTeX\tex/latex/graphics\graphicx.sty
Package: graphicx 2024/12/31 v1.2e Enhanced LaTeX Graphics (DPC,SPQR)

(C:\Users\nguye\AppData\Local\Programs\MiKTeX\tex/latex/graphics\graphics.sty
Package: graphics 2024/08/06 v1.4g Standard LaTeX Graphics (DPC,SPQR)

(C:\Users\nguye\AppData\Local\Programs\MiKTeX\tex/latex/graphics\trig.sty
Package: trig 2023/12/02 v1.11 sin cos tan (DPC)
)
(C:\Users\nguye\AppData\Local\Programs\MiKTeX\tex/latex/graphics-cfg\graphics.c
fg
File: graphics.cfg 2016/06/04 v1.11 sample graphics configuration
)
Package graphics Info: Driver file: pdftex.def on input line 106.

(C:\Users\nguye\AppData\Local\Programs\MiKTeX\tex/latex/graphics-def\pdftex.def
File: pdftex.def 2024/04/13 v1.2c Graphics/color driver for pdftex
))
\Gin@req@height=\dimen175
\Gin@req@width=\dimen176
) (C:\Users\nguye\AppData\Local\Programs\MiKTeX\tex/latex/tools\array.sty
Package: array 2025/06/08 v2.6j Tabular extension package (FMi)
\col@sep=\dimen177
\ar@mcellbox=\box56
\extrarowheight=\dimen178
\NC@list=\toks25
\extratabsurround=\skip57
\backup@length=\skip58
\ar@cellbox=\box57
)
(C:\Users\nguye\AppData\Local\Programs\MiKTeX\tex/latex/booktabs\booktabs.sty
Package: booktabs 2020/01/12 v1.61803398 Publication quality tables
\heavyrulewidth=\dimen179
\lightrulewidth=\dimen180
\cmidrulewidth=\dimen181
\belowrulesep=\dimen182
\belowbottomsep=\dimen183
\aboverulesep=\dimen184
\abovetopsep=\dimen185
\cmidrulesep=\dimen186
\cmidrulekern=\dimen187
\defaultaddspace=\dimen188
\@cmidla=\count310
\@cmidlb=\count311
\@aboverulesep=\dimen189
\@belowrulesep=\dimen190
\@thisruleclass=\count312
\@lastruleclass=\count313
\@thisrulewidth=\dimen191
)
(C:\Users\nguye\AppData\Local\Programs\MiKTeX\tex/latex/tools\tabularx.sty
Package: tabularx 2023/12/11 v2.12a `tabularx' package (DPC)
\TX@col@width=\dimen192
\TX@old@table=\dimen193
\TX@old@col=\dimen194
\TX@target=\dimen195
\TX@delta=\dimen196
\TX@cols=\count314
\TX@ftn=\toks26
)
(C:\Users\nguye\AppData\Local\Programs\MiKTeX\tex/latex/tabulary\tabulary.sty
Package: tabulary 2024/06/04 v0.11 tabulary package (DPC)
\TY@count=\count315
\TY@linewidth=\dimen197
\tymin=\dimen198
\tymax=\dimen199
\TY@tablewidth=\dimen256
)
(C:\Users\nguye\AppData\Local\Programs\MiKTeX\tex/latex/tools\longtable.sty
Package: longtable 2024-12-18 v4.23 Multi-page Table package (DPC)
\LTleft=\skip59
\LTright=\skip60
\LTpre=\skip61
\LTpost=\skip62
\LTchunksize=\count316
\LTcapwidth=\dimen257
\LT@head=\box58
\LT@firsthead=\box59
\LT@foot=\box60
\LT@lastfoot=\box61
\LT@gbox=\box62
\LT@cols=\count317
\LT@rows=\count318
\c@LT@tables=\count319
\c@LT@chunks=\count320
\LT@p@ftn=\toks27
)
(C:\Users\nguye\AppData\Local\Programs\MiKTeX\tex/latex/multirow\multirow.sty
Package: multirow 2024/11/12 v2.9 Span multiple rows of a table
\multirow@colwidth=\skip63
\multirow@cntb=\count321
\multirow@dima=\skip64
\bigstrutjot=\dimen258
)
(C:\Users\nguye\AppData\Local\Programs\MiKTeX\tex/latex/tools\multicol.sty
Package: multicol 2025/05/25 v2.0a multicolumn formatting (FMi)
\c@tracingmulticols=\count322
\mult@box=\box63
\multicol@leftmargin=\dimen259
\c@unbalance=\count323
\c@collectmore=\count324
\doublecol@number=\count325
\multicoltolerance=\count326
\multicolpretolerance=\count327
\full@width=\dimen260
\page@free=\dimen261
\premulticols=\dimen262
\postmulticols=\dimen263
\multicolsep=\skip65
\multicolbaselineskip=\skip66
\partial@page=\box64
\last@line=\box65
\mc@boxedresult=\box66
\maxbalancingoverflow=\dimen264
\mult@rightbox=\box67
\mult@grightbox=\box68
\mult@firstbox=\box69
\mult@gfirstbox=\box70
\@tempa=\box71
\@tempa=\box72
\@tempa=\box73
\@tempa=\box74
\@tempa=\box75
\@tempa=\box76
\@tempa=\box77
\@tempa=\box78
\@tempa=\box79
\@tempa=\box80
\@tempa=\box81
\@tempa=\box82
\@tempa=\box83
\@tempa=\box84
\@tempa=\box85
\@tempa=\box86
\@tempa=\box87
\@tempa=\box88
\@tempa=\box89
\@tempa=\box90
\@tempa=\box91
\@tempa=\box92
\@tempa=\box93
\@tempa=\box94
\@tempa=\box95
\@tempa=\box96
\@tempa=\box97
\@tempa=\box98
\@tempa=\box99
\@tempa=\box100
\@tempa=\box101
\@tempa=\box102
\@tempa=\box103
\@tempa=\box104
\@tempa=\box105
\@tempa=\box106
\c@minrows=\count328
\c@columnbadness=\count329
\c@finalcolumnbadness=\count330
\last@try=\dimen265
\multicolovershoot=\dimen266
\multicolundershoot=\dimen267
\mult@nat@firstbox=\box107
\colbreak@box=\box108
\mc@col@check@num=\count331
\g__mc_curr_col_int=\count332
)
(C:\Users\nguye\AppData\Local\Programs\MiKTeX\tex/latex/caption\caption.sty
Package: caption 2023/08/05 v3.6o Customizing captions (AR)

(C:\Users\nguye\AppData\Local\Programs\MiKTeX\tex/latex/caption\caption3.sty
Package: caption3 2023/07/31 v2.4d caption3 kernel (AR)
\caption@tempdima=\dimen268
\captionmargin=\dimen269
\caption@leftmargin=\dimen270
\caption@rightmargin=\dimen271
\caption@width=\dimen272
\caption@indent=\dimen273
\caption@parindent=\dimen274
\caption@hangindent=\dimen275
Package caption Info: Standard document class detected.
)
\c@caption@flags=\count333
\c@continuedfloat=\count334
Package caption Info: hyperref package is loaded.
Package caption Info: longtable package is loaded.

(C:\Users\nguye\AppData\Local\Programs\MiKTeX\tex/latex/caption\ltcaption.sty
Package: ltcaption 2021/01/08 v1.4c longtable captions (AR)
)) (C:\Users\nguye\AppData\Local\Programs\MiKTeX\tex/latex/fancyhdr\fancyhdr.st
y
Package: fancyhdr 2025/02/07 v5.2 Extensive control of page headers and footers

\f@nch@headwidth=\skip67
\f@nch@offset@elh=\skip68
\f@nch@offset@erh=\skip69
\f@nch@offset@olh=\skip70
\f@nch@offset@orh=\skip71
\f@nch@offset@elf=\skip72
\f@nch@offset@erf=\skip73
\f@nch@offset@olf=\skip74
\f@nch@offset@orf=\skip75
\f@nch@height=\skip76
\f@nch@footalignment=\skip77
\f@nch@widthL=\skip78
\f@nch@widthC=\skip79
\f@nch@widthR=\skip80
\@temptokenb=\toks28
) (C:\Users\nguye\AppData\Local\Programs\MiKTeX\tex/latex/natbib\natbib.sty
Package: natbib 2010/09/13 8.31b (PWD, AO)
\bibhang=\skip81
\bibsep=\skip82
LaTeX Info: Redefining \cite on input line 694.
\c@NAT@ctr=\count335
)
(C:\Users\nguye\AppData\Local\Programs\MiKTeX\tex/latex/lastpage\lastpage.sty
Package: lastpage 2025/06/06 v2.1g lastpage: 2.09 or 2e? (HMM)

(C:\Users\nguye\AppData\Local\Programs\MiKTeX\tex/latex/lastpage\lastpage2e.sty
Package: lastpage2e 2025/06/06 v2.1g Decide which 2e lastpage version to use (H
MM)

(C:\Users\nguye\AppData\Local\Programs\MiKTeX\tex/latex/lastpage\lastpagemodern
.sty
Package: lastpagemodern 2025-06-06 v2.1g Refers to last page's name (HMM; JPG)
\c@lastpagecount=\count336
) 
)) (C:\Users\nguye\AppData\Local\Programs\MiKTeX\tex/latex/base\ifthen.sty
Package: ifthen 2024/03/16 v1.1e Standard LaTeX ifthen package (DPC)
)
(C:\Users\nguye\AppData\Local\Programs\MiKTeX\tex/latex/tools\enumerate.sty
Package: enumerate 2023/07/04 v3.00 enumerate extensions (DPC)
\@enLab=\toks29
)
(C:\Users\nguye\AppData\Local\Programs\MiKTeX\tex/latex/enumitem\enumitem.sty
Package: enumitem 2025/02/06 v3.11 Customized lists
\labelindent=\skip83
\enit@outerparindent=\dimen276
\enit@toks=\toks30
\enit@inbox=\box109
\enit@count@id=\count337
\enitdp@description=\count338
)
Package hyperref Info: Option `unicode' set `true' on input line 107.


Package hyperref Warning: Option `bookmarks' has already been used,
(hyperref)                setting the option has no effect on input line 107.

Package hyperref Info: Option `bookmarksopen' set `true' on input line 107.
Package hyperref Info: Option `bookmarksnumbered' set `true' on input line 107.

Package hyperref Info: Option `colorlinks' set `true' on input line 107.
) (my-coverpage.sty
Package: my-coverpage 2025/08/11 HCMUT Report Cover Page

(C:\Users\nguye\AppData\Local\Programs\MiKTeX\tex/latex/eso-pic\eso-pic.sty
Package: eso-pic 2023/05/03 v3.0c eso-pic (RN)
\ESO@tempdima=\dimen277
\ESO@tempdimb=\dimen278

(C:\Users\nguye\AppData\Local\Programs\MiKTeX\tex/latex/xcolor\xcolor.sty
Package: xcolor 2024/09/29 v3.02 LaTeX color extensions (UK)

(C:\Users\nguye\AppData\Local\Programs\MiKTeX\tex/latex/graphics-cfg\color.cfg
File: color.cfg 2016/01/02 v1.6 sample color configuration
)
Package xcolor Info: Driver file: pdftex.def on input line 274.
(C:\Users\nguye\AppData\Local\Programs\MiKTeX\tex/latex/graphics\mathcolor.ltx)
Package xcolor Info: Model `cmy' substituted by `cmy0' on input line 1349.
Package xcolor Info: Model `hsb' substituted by `rgb' on input line 1353.
Package xcolor Info: Model `RGB' extended on input line 1365.
Package xcolor Info: Model `HTML' substituted by `rgb' on input line 1367.
Package xcolor Info: Model `Hsb' substituted by `hsb' on input line 1368.
Package xcolor Info: Model `tHsb' substituted by `hsb' on input line 1369.
Package xcolor Info: Model `HSB' substituted by `hsb' on input line 1370.
Package xcolor Info: Model `Gray' substituted by `gray' on input line 1371.
Package xcolor Info: Model `wave' substituted by `hsb' on input line 1372.
)) (C:\Users\nguye\AppData\Local\Programs\MiKTeX\tex/latex/float\float.sty
Package: float 2001/11/08 v1.3d Float enhancements (AL)
\c@float@type=\count339
\float@exts=\toks31
\float@box=\box110
\@float@everytoks=\toks32
\@floatcapt=\box111
))
(my-codespace.sty
Package: my-codespace 2025/08/11 v0.0 My Codespace Package

(C:\Users\nguye\AppData\Local\Programs\MiKTeX\tex/latex/pgf/frontendlayer\tikz.
sty
(C:\Users\nguye\AppData\Local\Programs\MiKTeX\tex/latex/pgf/basiclayer\pgf.sty
(C:\Users\nguye\AppData\Local\Programs\MiKTeX\tex/latex/pgf/utilities\pgfrcs.st
y
(C:\Users\nguye\AppData\Local\Programs\MiKTeX\tex/generic/pgf/utilities\pgfutil
-common.tex
\pgfutil@everybye=\toks33
\pgfutil@tempdima=\dimen279
\pgfutil@tempdimb=\dimen280
)
(C:\Users\nguye\AppData\Local\Programs\MiKTeX\tex/generic/pgf/utilities\pgfutil
-latex.def
\pgfutil@abb=\box112
)
(C:\Users\nguye\AppData\Local\Programs\MiKTeX\tex/generic/pgf/utilities\pgfrcs.
code.tex
(C:\Users\nguye\AppData\Local\Programs\MiKTeX\tex/generic/pgf\pgf.revision.tex)
Package: pgfrcs 2023-01-15 v3.1.10 (3.1.10)
))
Package: pgf 2023-01-15 v3.1.10 (3.1.10)

(C:\Users\nguye\AppData\Local\Programs\MiKTeX\tex/latex/pgf/basiclayer\pgfcore.
sty
(C:\Users\nguye\AppData\Local\Programs\MiKTeX\tex/latex/pgf/systemlayer\pgfsys.
sty
(C:\Users\nguye\AppData\Local\Programs\MiKTeX\tex/generic/pgf/systemlayer\pgfsy
s.code.tex
Package: pgfsys 2023-01-15 v3.1.10 (3.1.10)

(C:\Users\nguye\AppData\Local\Programs\MiKTeX\tex/generic/pgf/utilities\pgfkeys
.code.tex
\pgfkeys@pathtoks=\toks34
\pgfkeys@temptoks=\toks35

(C:\Users\nguye\AppData\Local\Programs\MiKTeX\tex/generic/pgf/utilities\pgfkeys
libraryfiltered.code.tex
\pgfkeys@tmptoks=\toks36
))
\pgf@x=\dimen281
\pgf@y=\dimen282
\pgf@xa=\dimen283
\pgf@ya=\dimen284
\pgf@xb=\dimen285
\pgf@yb=\dimen286
\pgf@xc=\dimen287
\pgf@yc=\dimen288
\pgf@xd=\dimen289
\pgf@yd=\dimen290
\w@pgf@writea=\write3
\r@pgf@reada=\read2
\c@pgf@counta=\count340
\c@pgf@countb=\count341
\c@pgf@countc=\count342
\c@pgf@countd=\count343
\t@pgf@toka=\toks37
\t@pgf@tokb=\toks38
\t@pgf@tokc=\toks39
\pgf@sys@id@count=\count344

(C:\Users\nguye\AppData\Local\Programs\MiKTeX\tex/generic/pgf/systemlayer\pgf.c
fg
File: pgf.cfg 2023-01-15 v3.1.10 (3.1.10)
)
Driver file for pgf: pgfsys-pdftex.def

(C:\Users\nguye\AppData\Local\Programs\MiKTeX\tex/generic/pgf/systemlayer\pgfsy
s-pdftex.def
File: pgfsys-pdftex.def 2023-01-15 v3.1.10 (3.1.10)

(C:\Users\nguye\AppData\Local\Programs\MiKTeX\tex/generic/pgf/systemlayer\pgfsy
s-common-pdf.def
File: pgfsys-common-pdf.def 2023-01-15 v3.1.10 (3.1.10)
)))
(C:\Users\nguye\AppData\Local\Programs\MiKTeX\tex/generic/pgf/systemlayer\pgfsy
ssoftpath.code.tex
File: pgfsyssoftpath.code.tex 2023-01-15 v3.1.10 (3.1.10)
\pgfsyssoftpath@smallbuffer@items=\count345
\pgfsyssoftpath@bigbuffer@items=\count346
)
(C:\Users\nguye\AppData\Local\Programs\MiKTeX\tex/generic/pgf/systemlayer\pgfsy
sprotocol.code.tex
File: pgfsysprotocol.code.tex 2023-01-15 v3.1.10 (3.1.10)
))
(C:\Users\nguye\AppData\Local\Programs\MiKTeX\tex/generic/pgf/basiclayer\pgfcor
e.code.tex
Package: pgfcore 2023-01-15 v3.1.10 (3.1.10)

(C:\Users\nguye\AppData\Local\Programs\MiKTeX\tex/generic/pgf/math\pgfmath.code
.tex
(C:\Users\nguye\AppData\Local\Programs\MiKTeX\tex/generic/pgf/math\pgfmathutil.
code.tex)
(C:\Users\nguye\AppData\Local\Programs\MiKTeX\tex/generic/pgf/math\pgfmathparse
r.code.tex
\pgfmath@dimen=\dimen291
\pgfmath@count=\count347
\pgfmath@box=\box113
\pgfmath@toks=\toks40
\pgfmath@stack@operand=\toks41
\pgfmath@stack@operation=\toks42
)
(C:\Users\nguye\AppData\Local\Programs\MiKTeX\tex/generic/pgf/math\pgfmathfunct
ions.code.tex)
(C:\Users\nguye\AppData\Local\Programs\MiKTeX\tex/generic/pgf/math\pgfmathfunct
ions.basic.code.tex)
(C:\Users\nguye\AppData\Local\Programs\MiKTeX\tex/generic/pgf/math\pgfmathfunct
ions.trigonometric.code.tex)
(C:\Users\nguye\AppData\Local\Programs\MiKTeX\tex/generic/pgf/math\pgfmathfunct
ions.random.code.tex)
(C:\Users\nguye\AppData\Local\Programs\MiKTeX\tex/generic/pgf/math\pgfmathfunct
ions.comparison.code.tex)
(C:\Users\nguye\AppData\Local\Programs\MiKTeX\tex/generic/pgf/math\pgfmathfunct
ions.base.code.tex)
(C:\Users\nguye\AppData\Local\Programs\MiKTeX\tex/generic/pgf/math\pgfmathfunct
ions.round.code.tex)
(C:\Users\nguye\AppData\Local\Programs\MiKTeX\tex/generic/pgf/math\pgfmathfunct
ions.misc.code.tex)
(C:\Users\nguye\AppData\Local\Programs\MiKTeX\tex/generic/pgf/math\pgfmathfunct
ions.integerarithmetics.code.tex)
(C:\Users\nguye\AppData\Local\Programs\MiKTeX\tex/generic/pgf/math\pgfmathcalc.
code.tex)
(C:\Users\nguye\AppData\Local\Programs\MiKTeX\tex/generic/pgf/math\pgfmathfloat
.code.tex
\c@pgfmathroundto@lastzeros=\count348
))
(C:\Users\nguye\AppData\Local\Programs\MiKTeX\tex/generic/pgf/math\pgfint.code.
tex)
(C:\Users\nguye\AppData\Local\Programs\MiKTeX\tex/generic/pgf/basiclayer\pgfcor
epoints.code.tex
File: pgfcorepoints.code.tex 2023-01-15 v3.1.10 (3.1.10)
\pgf@picminx=\dimen292
\pgf@picmaxx=\dimen293
\pgf@picminy=\dimen294
\pgf@picmaxy=\dimen295
\pgf@pathminx=\dimen296
\pgf@pathmaxx=\dimen297
\pgf@pathminy=\dimen298
\pgf@pathmaxy=\dimen299
\pgf@xx=\dimen300
\pgf@xy=\dimen301
\pgf@yx=\dimen302
\pgf@yy=\dimen303
\pgf@zx=\dimen304
\pgf@zy=\dimen305
)
(C:\Users\nguye\AppData\Local\Programs\MiKTeX\tex/generic/pgf/basiclayer\pgfcor
epathconstruct.code.tex
File: pgfcorepathconstruct.code.tex 2023-01-15 v3.1.10 (3.1.10)
\pgf@path@lastx=\dimen306
\pgf@path@lasty=\dimen307
)
(C:\Users\nguye\AppData\Local\Programs\MiKTeX\tex/generic/pgf/basiclayer\pgfcor
epathusage.code.tex
File: pgfcorepathusage.code.tex 2023-01-15 v3.1.10 (3.1.10)
\pgf@shorten@end@additional=\dimen308
\pgf@shorten@start@additional=\dimen309
)
(C:\Users\nguye\AppData\Local\Programs\MiKTeX\tex/generic/pgf/basiclayer\pgfcor
escopes.code.tex
File: pgfcorescopes.code.tex 2023-01-15 v3.1.10 (3.1.10)
\pgfpic=\box114
\pgf@hbox=\box115
\pgf@layerbox@main=\box116
\pgf@picture@serial@count=\count349
)
(C:\Users\nguye\AppData\Local\Programs\MiKTeX\tex/generic/pgf/basiclayer\pgfcor
egraphicstate.code.tex
File: pgfcoregraphicstate.code.tex 2023-01-15 v3.1.10 (3.1.10)
\pgflinewidth=\dimen310
)
(C:\Users\nguye\AppData\Local\Programs\MiKTeX\tex/generic/pgf/basiclayer\pgfcor
etransformations.code.tex
File: pgfcoretransformations.code.tex 2023-01-15 v3.1.10 (3.1.10)
\pgf@pt@x=\dimen311
\pgf@pt@y=\dimen312
\pgf@pt@temp=\dimen313
)
(C:\Users\nguye\AppData\Local\Programs\MiKTeX\tex/generic/pgf/basiclayer\pgfcor
equick.code.tex
File: pgfcorequick.code.tex 2023-01-15 v3.1.10 (3.1.10)
)
(C:\Users\nguye\AppData\Local\Programs\MiKTeX\tex/generic/pgf/basiclayer\pgfcor
eobjects.code.tex
File: pgfcoreobjects.code.tex 2023-01-15 v3.1.10 (3.1.10)
)
(C:\Users\nguye\AppData\Local\Programs\MiKTeX\tex/generic/pgf/basiclayer\pgfcor
epathprocessing.code.tex
File: pgfcorepathprocessing.code.tex 2023-01-15 v3.1.10 (3.1.10)
)
(C:\Users\nguye\AppData\Local\Programs\MiKTeX\tex/generic/pgf/basiclayer\pgfcor
earrows.code.tex
File: pgfcorearrows.code.tex 2023-01-15 v3.1.10 (3.1.10)
\pgfarrowsep=\dimen314
)
(C:\Users\nguye\AppData\Local\Programs\MiKTeX\tex/generic/pgf/basiclayer\pgfcor
eshade.code.tex
File: pgfcoreshade.code.tex 2023-01-15 v3.1.10 (3.1.10)
\pgf@max=\dimen315
\pgf@sys@shading@range@num=\count350
\pgf@shadingcount=\count351
)
(C:\Users\nguye\AppData\Local\Programs\MiKTeX\tex/generic/pgf/basiclayer\pgfcor
eimage.code.tex
File: pgfcoreimage.code.tex 2023-01-15 v3.1.10 (3.1.10)
)
(C:\Users\nguye\AppData\Local\Programs\MiKTeX\tex/generic/pgf/basiclayer\pgfcor
eexternal.code.tex
File: pgfcoreexternal.code.tex 2023-01-15 v3.1.10 (3.1.10)
\pgfexternal@startupbox=\box117
)
(C:\Users\nguye\AppData\Local\Programs\MiKTeX\tex/generic/pgf/basiclayer\pgfcor
elayers.code.tex
File: pgfcorelayers.code.tex 2023-01-15 v3.1.10 (3.1.10)
)
(C:\Users\nguye\AppData\Local\Programs\MiKTeX\tex/generic/pgf/basiclayer\pgfcor
etransparency.code.tex
File: pgfcoretransparency.code.tex 2023-01-15 v3.1.10 (3.1.10)
)
(C:\Users\nguye\AppData\Local\Programs\MiKTeX\tex/generic/pgf/basiclayer\pgfcor
epatterns.code.tex
File: pgfcorepatterns.code.tex 2023-01-15 v3.1.10 (3.1.10)
)
(C:\Users\nguye\AppData\Local\Programs\MiKTeX\tex/generic/pgf/basiclayer\pgfcor
erdf.code.tex
File: pgfcorerdf.code.tex 2023-01-15 v3.1.10 (3.1.10)
)))
(C:\Users\nguye\AppData\Local\Programs\MiKTeX\tex/generic/pgf/modules\pgfmodule
shapes.code.tex
File: pgfmoduleshapes.code.tex 2023-01-15 v3.1.10 (3.1.10)
\pgfnodeparttextbox=\box118
)
(C:\Users\nguye\AppData\Local\Programs\MiKTeX\tex/generic/pgf/modules\pgfmodule
plot.code.tex
File: pgfmoduleplot.code.tex 2023-01-15 v3.1.10 (3.1.10)
)
(C:\Users\nguye\AppData\Local\Programs\MiKTeX\tex/latex/pgf/compatibility\pgfco
mp-version-0-65.sty
Package: pgfcomp-version-0-65 2023-01-15 v3.1.10 (3.1.10)
\pgf@nodesepstart=\dimen316
\pgf@nodesepend=\dimen317
)
(C:\Users\nguye\AppData\Local\Programs\MiKTeX\tex/latex/pgf/compatibility\pgfco
mp-version-1-18.sty
Package: pgfcomp-version-1-18 2023-01-15 v3.1.10 (3.1.10)
))
(C:\Users\nguye\AppData\Local\Programs\MiKTeX\tex/latex/pgf/utilities\pgffor.st
y
(C:\Users\nguye\AppData\Local\Programs\MiKTeX\tex/latex/pgf/utilities\pgfkeys.s
ty
(C:\Users\nguye\AppData\Local\Programs\MiKTeX\tex/generic/pgf/utilities\pgfkeys
.code.tex))
(C:\Users\nguye\AppData\Local\Programs\MiKTeX\tex/latex/pgf/math\pgfmath.sty
(C:\Users\nguye\AppData\Local\Programs\MiKTeX\tex/generic/pgf/math\pgfmath.code
.tex))
(C:\Users\nguye\AppData\Local\Programs\MiKTeX\tex/generic/pgf/utilities\pgffor.
code.tex
Package: pgffor 2023-01-15 v3.1.10 (3.1.10)
\pgffor@iter=\dimen318
\pgffor@skip=\dimen319
\pgffor@stack=\toks43
\pgffor@toks=\toks44
))
(C:\Users\nguye\AppData\Local\Programs\MiKTeX\tex/generic/pgf/frontendlayer/tik
z\tikz.code.tex
Package: tikz 2023-01-15 v3.1.10 (3.1.10)

(C:\Users\nguye\AppData\Local\Programs\MiKTeX\tex/generic/pgf/libraries\pgflibr
aryplothandlers.code.tex
File: pgflibraryplothandlers.code.tex 2023-01-15 v3.1.10 (3.1.10)
\pgf@plot@mark@count=\count352
\pgfplotmarksize=\dimen320
)
\tikz@lastx=\dimen321
\tikz@lasty=\dimen322
\tikz@lastxsaved=\dimen323
\tikz@lastysaved=\dimen324
\tikz@lastmovetox=\dimen325
\tikz@lastmovetoy=\dimen326
\tikzleveldistance=\dimen327
\tikzsiblingdistance=\dimen328
\tikz@figbox=\box119
\tikz@figbox@bg=\box120
\tikz@tempbox=\box121
\tikz@tempbox@bg=\box122
\tikztreelevel=\count353
\tikznumberofchildren=\count354
\tikznumberofcurrentchild=\count355
\tikz@fig@count=\count356

(C:\Users\nguye\AppData\Local\Programs\MiKTeX\tex/generic/pgf/modules\pgfmodule
matrix.code.tex
File: pgfmodulematrix.code.tex 2023-01-15 v3.1.10 (3.1.10)
\pgfmatrixcurrentrow=\count357
\pgfmatrixcurrentcolumn=\count358
\pgf@matrix@numberofcolumns=\count359
)
\tikz@expandcount=\count360

(C:\Users\nguye\AppData\Local\Programs\MiKTeX\tex/generic/pgf/frontendlayer/tik
z/libraries\tikzlibrarytopaths.code.tex
File: tikzlibrarytopaths.code.tex 2023-01-15 v3.1.10 (3.1.10)
)))
(C:\Users\nguye\AppData\Local\Programs\MiKTeX\tex/latex/mdframed\mdframed.sty
Package: mdframed 2013/07/01 1.9b: mdframed

(C:\Users\nguye\AppData\Local\Programs\MiKTeX\tex/latex/l3packages/xparse\xpars
e.sty
(C:\Users\nguye\AppData\Local\Programs\MiKTeX\tex/latex/l3kernel\expl3.sty
Package: expl3 2025-07-20 L3 programming layer (loader) 

(C:\Users\nguye\AppData\Local\Programs\MiKTeX\tex/latex/l3backend\l3backend-pdf
tex.def
File: l3backend-pdftex.def 2025-06-09 L3 backend support: PDF output (pdfTeX)
\l__color_backend_stack_int=\count361
))
Package: xparse 2024-08-16 L3 Experimental document command parser
)
(C:\Users\nguye\AppData\Local\Programs\MiKTeX\tex/latex/zref\zref-abspage.sty
Package: zref-abspage 2025-06-08 v2.36 Module abspage for zref (HO)

(C:\Users\nguye\AppData\Local\Programs\MiKTeX\tex/latex/zref\zref-base.sty
Package: zref-base 2025-06-08 v2.36 Module base for zref (HO)

(C:\Users\nguye\AppData\Local\Programs\MiKTeX\tex/generic/etexcmds\etexcmds.sty
Package: etexcmds 2019/12/15 v1.7 Avoid name clashes with e-TeX commands (HO)
) (C:\Users\nguye\AppData\Local\Programs\MiKTeX\tex/latex/auxhook\auxhook.sty
Package: auxhook 2019-12-17 v1.6 Hooks for auxiliary files (HO)
)
Package zref Info: New property list: main on input line 767.
Package zref Info: New property: default on input line 768.
Package zref Info: New property: page on input line 769.
)
\c@abspage=\count362
Package zref Info: New property: abspage on input line 67.
)
(C:\Users\nguye\AppData\Local\Programs\MiKTeX\tex/latex/needspace\needspace.sty
Package: needspace 2025/03/13 v1.3e reserve vertical space
)
\mdf@templength=\skip84
\c@mdf@globalstyle@cnt=\count363
\mdf@skipabove@length=\skip85
\mdf@skipbelow@length=\skip86
\mdf@leftmargin@length=\skip87
\mdf@rightmargin@length=\skip88
\mdf@innerleftmargin@length=\skip89
\mdf@innerrightmargin@length=\skip90
\mdf@innertopmargin@length=\skip91
\mdf@innerbottommargin@length=\skip92
\mdf@splittopskip@length=\skip93
\mdf@splitbottomskip@length=\skip94
\mdf@outermargin@length=\skip95
\mdf@innermargin@length=\skip96
\mdf@linewidth@length=\skip97
\mdf@innerlinewidth@length=\skip98
\mdf@middlelinewidth@length=\skip99
\mdf@outerlinewidth@length=\skip100
\mdf@roundcorner@length=\skip101
\mdf@footenotedistance@length=\skip102
\mdf@userdefinedwidth@length=\skip103
\mdf@needspace@length=\skip104
\mdf@frametitleaboveskip@length=\skip105
\mdf@frametitlebelowskip@length=\skip106
\mdf@frametitlerulewidth@length=\skip107
\mdf@frametitleleftmargin@length=\skip108
\mdf@frametitlerightmargin@length=\skip109
\mdf@shadowsize@length=\skip110
\mdf@extratopheight@length=\skip111
\mdf@subtitleabovelinewidth@length=\skip112
\mdf@subtitlebelowlinewidth@length=\skip113
\mdf@subtitleaboveskip@length=\skip114
\mdf@subtitlebelowskip@length=\skip115
\mdf@subtitleinneraboveskip@length=\skip116
\mdf@subtitleinnerbelowskip@length=\skip117
\mdf@subsubtitleabovelinewidth@length=\skip118
\mdf@subsubtitlebelowlinewidth@length=\skip119
\mdf@subsubtitleaboveskip@length=\skip120
\mdf@subsubtitlebelowskip@length=\skip121
\mdf@subsubtitleinneraboveskip@length=\skip122
\mdf@subsubtitleinnerbelowskip@length=\skip123

(C:\Users\nguye\AppData\Local\Programs\MiKTeX\tex/latex/mdframed\md-frame-1.mdf
File: md-frame-1.mdf 2013/07/01\ 1.9b: md-frame-1
)
\mdf@frametitlebox=\box123
\mdf@footnotebox=\box124
\mdf@splitbox@one=\box125
\mdf@splitbox@two=\box126
\mdf@splitbox@save=\box127
\mdfsplitboxwidth=\skip124
\mdfsplitboxtotalwidth=\skip125
\mdfsplitboxheight=\skip126
\mdfsplitboxdepth=\skip127
\mdfsplitboxtotalheight=\skip128
\mdfframetitleboxwidth=\skip129
\mdfframetitleboxtotalwidth=\skip130
\mdfframetitleboxheight=\skip131
\mdfframetitleboxdepth=\skip132
\mdfframetitleboxtotalheight=\skip133
\mdffootnoteboxwidth=\skip134
\mdffootnoteboxtotalwidth=\skip135
\mdffootnoteboxheight=\skip136
\mdffootnoteboxdepth=\skip137
\mdffootnoteboxtotalheight=\skip138
\mdftotallinewidth=\skip139
\mdfboundingboxwidth=\skip140
\mdfboundingboxtotalwidth=\skip141
\mdfboundingboxheight=\skip142
\mdfboundingboxdepth=\skip143
\mdfboundingboxtotalheight=\skip144
\mdf@freevspace@length=\skip145
\mdf@horizontalwidthofbox@length=\skip146
\mdf@verticalmarginwhole@length=\skip147
\mdf@horizontalspaceofbox=\skip148
\mdfsubtitleheight=\skip149
\mdfsubsubtitleheight=\skip150
\c@mdfcountframes=\count364

****** mdframed patching \endmdf@trivlist

****** -- success******

\mdf@envdepth=\count365
\c@mdf@env@i=\count366
\c@mdf@env@ii=\count367
\c@mdf@zref@counter=\count368
Package zref Info: New property: mdf@pagevalue on input line 895.
)
(C:\Users\nguye\AppData\Local\Programs\MiKTeX\tex/latex/listings\listings.sty
\lst@mode=\count369
\lst@gtempboxa=\box128
\lst@token=\toks45
\lst@length=\count370
\lst@currlwidth=\dimen329
\lst@column=\count371
\lst@pos=\count372
\lst@lostspace=\dimen330
\lst@width=\dimen331
\lst@newlines=\count373
\lst@lineno=\count374
\lst@maxwidth=\dimen332

(C:\Users\nguye\AppData\Local\Programs\MiKTeX\tex/latex/listings\lstpatch.sty
File: lstpatch.sty 2024/09/23 1.10c (Carsten Heinz)
)
(C:\Users\nguye\AppData\Local\Programs\MiKTeX\tex/latex/listings\lstmisc.sty
File: lstmisc.sty 2024/09/23 1.10c (Carsten Heinz)
\c@lstnumber=\count375
\lst@skipnumbers=\count376
\lst@framebox=\box129
)
(C:\Users\nguye\AppData\Local\Programs\MiKTeX\tex/latex/listings\listings.cfg
File: listings.cfg 2024/09/23 1.10c listings configuration
))
Package: listings 2024/09/23 1.10c (Carsten Heinz)

(C:\Users\nguye\AppData\Local\Programs\MiKTeX\tex/latex/lstaddons\lstautogobble
.sty
Package: lstautogobble 2012/05/03 v0.1 Implements 'autogobble' option for 'list
ings'
\lstag@spacecount=\count377
) (C:\Users\nguye\AppData\Local\Programs\MiKTeX\tex/latex/minted\minted.sty
Package: minted 2025/05/14 v3.7.0 Yet another Pygments shim for LaTeX

(C:\Users\nguye\AppData\Local\Programs\MiKTeX\tex/generic/catchfile\catchfile.s
ty
Package: catchfile 2019/12/09 v1.8 Catch the contents of a file (HO)
) (C:\Users\nguye\AppData\Local\Programs\MiKTeX\tex/latex/fvextra\fvextra.sty
Package: fvextra 2025/05/29 v1.13.2 fvextra - extensions and patches for fancyv
rb
(C:\Users\nguye\AppData\Local\Programs\MiKTeX\tex/latex/fancyvrb\fancyvrb.sty
Package: fancyvrb 2025/07/28 4.6 verbatim text (tvz,hv)
\FV@CodeLineNo=\count378
\FV@InFile=\read3
\FV@TabBox=\box130
\c@FancyVerbLine=\count379
\FV@StepNumber=\count380
\FV@OutFile=\write4
)
(C:\Users\nguye\AppData\Local\Programs\MiKTeX\tex/latex/upquote\upquote.sty
Package: upquote 2012/04/19 v1.3 upright-quote and grave-accent glyphs in verba
tim
)
(C:\Users\nguye\AppData\Local\Programs\MiKTeX\tex/latex/lineno\lineno.sty
Package: lineno 2025/05/13 line numbers on paragraphs v5.5
\linenopenalty=\count381
\output=\toks46
\linenoprevgraf=\count382
\linenumbersep=\dimen333
\linenumberwidth=\dimen334
\c@linenumber=\count383
\c@pagewiselinenumber=\count384
\c@LN@truepage=\count385
\c@internallinenumber=\count386
\c@internallinenumbers=\count387
\quotelinenumbersep=\dimen335
\bframerule=\dimen336
\bframesep=\dimen337
\bframebox=\box131
\@LN@amsmath@ams@eqpen=\count388
)
\c@FancyVerbWriteLine=\count389
\c@FancyVerbBufferLine=\count390
\c@FV@TrueTabGroupLevel=\count391
\c@FV@TrueTabCounter=\count392
\FV@TabBox@Group=\box132
\FV@bgcolorstructbox=\box133
\FV@TmpLength=\skip151
\c@FV@HighlightLinesStart=\count393
\c@FV@HighlightLinesStop=\count394
\FV@LoopCount=\count395
\FV@NCharsBox=\box134
\FV@BreakIndent=\dimen338
\FV@BreakIndentNChars=\count396
\FV@BreakSymbolSepLeft=\dimen339
\FV@BreakSymbolSepLeftNChars=\count397
\FV@BreakSymbolSepRight=\dimen340
\FV@BreakSymbolSepRightNChars=\count398
\FV@BreakSymbolIndentLeft=\dimen341
\FV@BreakSymbolIndentLeftNChars=\count399
\FV@BreakSymbolIndentRight=\dimen342
\FV@BreakSymbolIndentRightNChars=\count400
\c@FancyVerbLineBreakLast=\count401
\FV@LineBox=\box135
\FV@LineIndentBox=\box136
\c@FV@BreakBufferDepth=\count402
\FV@LineWidth=\dimen343
)
(C:\Users\nguye\AppData\Local\Programs\MiKTeX\tex/latex/latex2pydata\latex2pyda
ta.sty
Package: latex2pydata 2025/03/26 v0.6.0 latex2pydata - write data to file in Py
thon literal format
)
(C:\Users\nguye\AppData\Local\Programs\MiKTeX\tex/latex/pgfopts\pgfopts.sty
Package: pgfopts 2014/07/10 v2.1a LaTeX package options with pgfkeys
\pgfopts@list@add@a@toks=\toks47
\pgfopts@list@add@b@toks=\toks48
)
(C:\Users\nguye\AppData\Local\Programs\MiKTeX\tex/latex/tools\shellesc.sty
Package: shellesc 2023/07/08 v1.0d unified shell escape interface for LaTeX
Package shellesc Info: Restricted shell escape enabled on input line 77.
)
\c@minted@FancyVerbLineTemp=\count403
\@float@every@listing=\toks49
\c@listing=\count404
)
(C:\Users\nguye\AppData\Local\Programs\MiKTeX\tex/latex/tools\verbatim.sty
Package: verbatim 2024-01-22 v1.5x LaTeX2e package for verbatim enhancements
\every@verbatim=\toks50
\verbatim@line=\toks51
\verbatim@in@stream=\read4
))
(C:\Users\nguye\AppData\Local\Programs\MiKTeX\tex/latex/base\inputenc.sty
Package: inputenc 2024/02/08 v1.3d Input encoding file
\inpenc@prehook=\toks52
\inpenc@posthook=\toks53
)
(C:\Users\nguye\AppData\Local\Programs\MiKTeX\tex/latex/base\fontenc.sty
Package: fontenc 2024/12/21 v2.1c Standard LaTeX package

(C:\Users\nguye\AppData\Local\Programs\MiKTeX\tex/latex/vntex\t5enc.def
File: t5enc.def 2006/11/21 v1.4 Vietnamese T5 encoding
Now handling font encoding T5 ...
... processing UTF-8 mapping file for font encoding T5

(C:\Users\nguye\AppData\Local\Programs\MiKTeX\tex/latex/vntex\t5enc.dfu
File: t5enc.dfu 2006/08/19 v1.1 UTF8 support for Vietnamese
   defining Unicode char U+00AB (decimal 171)
   defining Unicode char U+00BB (decimal 187)
   defining Unicode char U+00C0 (decimal 192)
   defining Unicode char U+00C1 (decimal 193)
   defining Unicode char U+00C2 (decimal 194)
   defining Unicode char U+00C3 (decimal 195)
   defining Unicode char U+00C8 (decimal 200)
   defining Unicode char U+00C9 (decimal 201)
   defining Unicode char U+00CA (decimal 202)
   defining Unicode char U+00CC (decimal 204)
   defining Unicode char U+00CD (decimal 205)
   defining Unicode char U+00D2 (decimal 210)
   defining Unicode char U+00D3 (decimal 211)
   defining Unicode char U+00D4 (decimal 212)
   defining Unicode char U+00D5 (decimal 213)
   defining Unicode char U+00D9 (decimal 217)
   defining Unicode char U+00DA (decimal 218)
   defining Unicode char U+00DD (decimal 221)
   defining Unicode char U+00E0 (decimal 224)
   defining Unicode char U+00E1 (decimal 225)
   defining Unicode char U+00E2 (decimal 226)
   defining Unicode char U+00E3 (decimal 227)
   defining Unicode char U+00E8 (decimal 232)
   defining Unicode char U+00E9 (decimal 233)
   defining Unicode char U+00EA (decimal 234)
   defining Unicode char U+00EC (decimal 236)
   defining Unicode char U+00ED (decimal 237)
   defining Unicode char U+00F2 (decimal 242)
   defining Unicode char U+00F3 (decimal 243)
   defining Unicode char U+00F4 (decimal 244)
   defining Unicode char U+00F5 (decimal 245)
   defining Unicode char U+00F9 (decimal 249)
   defining Unicode char U+00FA (decimal 250)
   defining Unicode char U+00FD (decimal 253)
   defining Unicode char U+0102 (decimal 258)
   defining Unicode char U+0103 (decimal 259)
   defining Unicode char U+0110 (decimal 272)
   defining Unicode char U+0111 (decimal 273)
   defining Unicode char U+0128 (decimal 296)
   defining Unicode char U+0129 (decimal 297)
   defining Unicode char U+0131 (decimal 305)
   defining Unicode char U+0168 (decimal 360)
   defining Unicode char U+0169 (decimal 361)
   defining Unicode char U+01A0 (decimal 416)
   defining Unicode char U+01A1 (decimal 417)
   defining Unicode char U+01AF (decimal 431)
   defining Unicode char U+01B0 (decimal 432)
   defining Unicode char U+1EA0 (decimal 7840)
   defining Unicode char U+1EA1 (decimal 7841)
   defining Unicode char U+1EA2 (decimal 7842)
   defining Unicode char U+1EA3 (decimal 7843)
   defining Unicode char U+1EA4 (decimal 7844)
   defining Unicode char U+1EA5 (decimal 7845)
   defining Unicode char U+1EA6 (decimal 7846)
   defining Unicode char U+1EA7 (decimal 7847)
   defining Unicode char U+1EA8 (decimal 7848)
   defining Unicode char U+1EA9 (decimal 7849)
   defining Unicode char U+1EAA (decimal 7850)
   defining Unicode char U+1EAB (decimal 7851)
   defining Unicode char U+1EAC (decimal 7852)
   defining Unicode char U+1EAD (decimal 7853)
   defining Unicode char U+1EAE (decimal 7854)
   defining Unicode char U+1EAF (decimal 7855)
   defining Unicode char U+1EB0 (decimal 7856)
   defining Unicode char U+1EB1 (decimal 7857)
   defining Unicode char U+1EB2 (decimal 7858)
   defining Unicode char U+1EB3 (decimal 7859)
   defining Unicode char U+1EB4 (decimal 7860)
   defining Unicode char U+1EB5 (decimal 7861)
   defining Unicode char U+1EB6 (decimal 7862)
   defining Unicode char U+1EB7 (decimal 7863)
   defining Unicode char U+1EB8 (decimal 7864)
   defining Unicode char U+1EB9 (decimal 7865)
   defining Unicode char U+1EBA (decimal 7866)
   defining Unicode char U+1EBB (decimal 7867)
   defining Unicode char U+1EBC (decimal 7868)
   defining Unicode char U+1EBD (decimal 7869)
   defining Unicode char U+1EBE (decimal 7870)
   defining Unicode char U+1EBF (decimal 7871)
   defining Unicode char U+1EC0 (decimal 7872)
   defining Unicode char U+1EC1 (decimal 7873)
   defining Unicode char U+1EC2 (decimal 7874)
   defining Unicode char U+1EC3 (decimal 7875)
   defining Unicode char U+1EC4 (decimal 7876)
   defining Unicode char U+1EC5 (decimal 7877)
   defining Unicode char U+1EC6 (decimal 7878)
   defining Unicode char U+1EC7 (decimal 7879)
   defining Unicode char U+1EC8 (decimal 7880)
   defining Unicode char U+1EC9 (decimal 7881)
   defining Unicode char U+1ECA (decimal 7882)
   defining Unicode char U+1ECB (decimal 7883)
   defining Unicode char U+1ECC (decimal 7884)
   defining Unicode char U+1ECD (decimal 7885)
   defining Unicode char U+1ECE (decimal 7886)
   defining Unicode char U+1ECF (decimal 7887)
   defining Unicode char U+1ED0 (decimal 7888)
   defining Unicode char U+1ED1 (decimal 7889)
   defining Unicode char U+1ED2 (decimal 7890)
   defining Unicode char U+1ED3 (decimal 7891)
   defining Unicode char U+1ED4 (decimal 7892)
   defining Unicode char U+1ED5 (decimal 7893)
   defining Unicode char U+1ED6 (decimal 7894)
   defining Unicode char U+1ED7 (decimal 7895)
   defining Unicode char U+1ED8 (decimal 7896)
   defining Unicode char U+1ED9 (decimal 7897)
   defining Unicode char U+1EDA (decimal 7898)
   defining Unicode char U+1EDB (decimal 7899)
   defining Unicode char U+1EDC (decimal 7900)
   defining Unicode char U+1EDD (decimal 7901)
   defining Unicode char U+1EDE (decimal 7902)
   defining Unicode char U+1EDF (decimal 7903)
   defining Unicode char U+1EE0 (decimal 7904)
   defining Unicode char U+1EE1 (decimal 7905)
   defining Unicode char U+1EE2 (decimal 7906)
   defining Unicode char U+1EE3 (decimal 7907)
   defining Unicode char U+1EE4 (decimal 7908)
   defining Unicode char U+1EE5 (decimal 7909)
   defining Unicode char U+1EE6 (decimal 7910)
   defining Unicode char U+1EE7 (decimal 7911)
   defining Unicode char U+1EE8 (decimal 7912)
   defining Unicode char U+1EE9 (decimal 7913)
   defining Unicode char U+1EEA (decimal 7914)
   defining Unicode char U+1EEB (decimal 7915)
   defining Unicode char U+1EEC (decimal 7916)
   defining Unicode char U+1EED (decimal 7917)
   defining Unicode char U+1EEE (decimal 7918)
   defining Unicode char U+1EEF (decimal 7919)
   defining Unicode char U+1EF0 (decimal 7920)
   defining Unicode char U+1EF1 (decimal 7921)
   defining Unicode char U+1EF2 (decimal 7922)
   defining Unicode char U+1EF3 (decimal 7923)
   defining Unicode char U+1EF4 (decimal 7924)
   defining Unicode char U+1EF5 (decimal 7925)
   defining Unicode char U+1EF6 (decimal 7926)
   defining Unicode char U+1EF7 (decimal 7927)
   defining Unicode char U+1EF8 (decimal 7928)
   defining Unicode char U+1EF9 (decimal 7929)
   defining Unicode char U+200C (decimal 8204)
   defining Unicode char U+2013 (decimal 8211)
   defining Unicode char U+2014 (decimal 8212)
   defining Unicode char U+2018 (decimal 8216)
   defining Unicode char U+2019 (decimal 8217)
   defining Unicode char U+201A (decimal 8218)
   defining Unicode char U+201C (decimal 8220)
   defining Unicode char U+201D (decimal 8221)
   defining Unicode char U+201E (decimal 8222)
   defining Unicode char U+2030 (decimal 8240)
   defining Unicode char U+2031 (decimal 8241)
   defining Unicode char U+2039 (decimal 8249)
   defining Unicode char U+203A (decimal 8250)
   defining Unicode char U+2423 (decimal 9251)
))
LaTeX Font Info:    Trying to load font information for T5+cmr on input line 11
6.

(C:\Users\nguye\AppData\Local\Programs\MiKTeX\tex/latex/vntex\t5cmr.fd
File: t5cmr.fd 1999/05/25 v2.5h Standard LaTeX font definitions
))
(C:\Users\nguye\AppData\Local\Programs\MiKTeX\tex/generic/babel\babel.sty
Package: babel 2025/08/03 v25.12 The multilingual framework for LuaLaTeX, pdfLa
TeX and XeLaTeX
\babel@savecnt=\count405
LaTeX Encoding Info:    Redeclaring text command \ij (encoding OT1) on input li
ne 2045.
LaTeX Encoding Info:    Redeclaring text command \IJ (encoding OT1) on input li
ne 2047.
LaTeX Encoding Info:    Redeclaring text command \ij (encoding T1) on input lin
e 2049.
LaTeX Encoding Info:    Redeclaring text command \IJ (encoding T1) on input lin
e 2050.
LaTeX Encoding Info:    Ignoring declaration for text command \ij (encoding ?) 
on input line 2051.
LaTeX Encoding Info:    Ignoring declaration for text command \IJ (encoding ?) 
on input line 2053.
LaTeX Encoding Info:    Ignoring declaration for text command \SS (encoding ?) 
on input line 2078.
\U@D=\dimen344
\l@unhyphenated=\language79

(C:\Users\nguye\AppData\Local\Programs\MiKTeX\tex/generic/babel\txtbabel.def)
\bbl@readstream=\read5
\bbl@dirlevel=\count406

*************************************
* Local config file bblopts.cfg used
*
(C:\Users\nguye\AppData\Local\Programs\MiKTeX\tex/latex/arabi\bblopts.cfg
File: bblopts.cfg 2005/09/08 v0.1 add Arabic and Farsi to "declared" options of
 babel
)
(C:\Users\nguye\AppData\Local\Programs\MiKTeX\tex/latex/babel-vietnamese\vietna
mese.ldf
Language: vietnamese 

(C:\Users\nguye\AppData\Local\Programs\MiKTeX\tex/generic/babel/locale/vi\babel
-vietnamese.tex
Package babel Info: Importing font and identification data for vietnamese
(babel)             from babel-vi.ini. Reported on input line 12.
)

Package babel Warning: No hyphenation patterns were preloaded for
(babel)                the language 'Vietnamese' into the format.
(babel)                Please, configure your TeX system to add them and
(babel)                rebuild the format. Now I will use the patterns
(babel)                preloaded for \language=0 instead on input line 36.

Package babel Info: Hyphen rules for 'vietnamese' set to \l@english
(babel)             (\language0). Reported on input line 37.
Package babel Info: Hyphen rules for 'vietnam' set to \l@english
(babel)             (\language0). Reported on input line 38.
Loading definitions for the Vietnamese font encoding
(C:\Users\nguye\AppData\Local\Programs\MiKTeX\tex/latex/vntex\t5enc.def
File: t5enc.def 2006/11/21 v1.4 Vietnamese T5 encoding
LaTeX Font Info:    Redeclaring font encoding T5 on input line 75.
LaTeX Encoding Info:    Redeclaring text command \` (encoding T5) on input line
 79.
LaTeX Encoding Info:    Redeclaring text command \' (encoding T5) on input line
 80.
LaTeX Encoding Info:    Redeclaring text command \^ (encoding T5) on input line
 81.
LaTeX Encoding Info:    Redeclaring text command \~ (encoding T5) on input line
 82.
LaTeX Encoding Info:    Redeclaring text command \" (encoding T5) on input line
 83.
LaTeX Encoding Info:    Redeclaring text command \r (encoding T5) on input line
 84.
LaTeX Encoding Info:    Redeclaring text command \v (encoding T5) on input line
 85.
LaTeX Encoding Info:    Redeclaring text command \u (encoding T5) on input line
 86.
LaTeX Encoding Info:    Redeclaring text command \= (encoding T5) on input line
 87.
LaTeX Encoding Info:    Redeclaring text command \. (encoding T5) on input line
 88.
LaTeX Encoding Info:    Redeclaring text command \b (encoding T5) on input line
 90.
LaTeX Encoding Info:    Redeclaring text command \c (encoding T5) on input line
 94.
LaTeX Encoding Info:    Redeclaring text command \d (encoding T5) on input line
 98.
LaTeX Encoding Info:    Redeclaring text command \h (encoding T5) on input line
 103.
LaTeX Encoding Info:    Redeclaring text symbol \quotesinglbase (encoding T5) o
n input line 105.
LaTeX Encoding Info:    Redeclaring text symbol \guilsinglleft (encoding T5) on
 input line 106.
LaTeX Encoding Info:    Redeclaring text symbol \guilsinglright (encoding T5) o
n input line 107.
LaTeX Encoding Info:    Redeclaring text symbol \textquotedblleft (encoding T5)
 on input line 108.
LaTeX Encoding Info:    Redeclaring text symbol \textquotedblright (encoding T5
) on input line 109.
LaTeX Encoding Info:    Redeclaring text symbol \quotedblbase (encoding T5) on 
input line 110.
LaTeX Encoding Info:    Redeclaring text symbol \guillemotleft (encoding T5) on
 input line 111.
LaTeX Encoding Info:    Redeclaring text symbol \guillemotright (encoding T5) o
n input line 112.
LaTeX Encoding Info:    Redeclaring text symbol \textendash (encoding T5) on in
put line 113.
LaTeX Encoding Info:    Redeclaring text symbol \textemdash (encoding T5) on in
put line 114.
LaTeX Encoding Info:    Redeclaring text symbol \textcompwordmark (encoding T5)
 on input line 115.
LaTeX Encoding Info:    Redeclaring text command \textperthousand (encoding T5)
 on input line 117.
LaTeX Encoding Info:    Redeclaring text command \textpertenthousand (encoding 
T5) on input line 118.
LaTeX Encoding Info:    Redeclaring text symbol \i (encoding T5) on input line 
119.
LaTeX Encoding Info:    Redeclaring text symbol \textvisiblespace (encoding T5)
 on input line 121.
LaTeX Encoding Info:    Redeclaring text symbol \textquotedbl (encoding T5) on 
input line 122.
LaTeX Encoding Info:    Redeclaring text symbol \textdollar (encoding T5) on in
put line 123.
LaTeX Encoding Info:    Redeclaring text symbol \textquoteright (encoding T5) o
n input line 124.
LaTeX Encoding Info:    Redeclaring text symbol \textless (encoding T5) on inpu
t line 125.
LaTeX Encoding Info:    Redeclaring text symbol \textgreater (encoding T5) on i
nput line 126.
LaTeX Encoding Info:    Redeclaring text symbol \textbackslash (encoding T5) on
 input line 127.
LaTeX Encoding Info:    Redeclaring text symbol \textasciicircum (encoding T5) 
on input line 128.
LaTeX Encoding Info:    Redeclaring text symbol \textunderscore (encoding T5) o
n input line 129.
LaTeX Encoding Info:    Redeclaring text symbol \textquoteleft (encoding T5) on
 input line 130.
LaTeX Encoding Info:    Redeclaring text symbol \textbraceleft (encoding T5) on
 input line 131.
LaTeX Encoding Info:    Redeclaring text symbol \textbar (encoding T5) on input
 line 132.
LaTeX Encoding Info:    Redeclaring text symbol \textbraceright (encoding T5) o
n input line 133.
LaTeX Encoding Info:    Redeclaring text symbol \textasciitilde (encoding T5) o
n input line 134.
LaTeX Encoding Info:    Redeclaring text command \horn (encoding T5) on input l
ine 137.
LaTeX Encoding Info:    Redeclaring text symbol \DJ (encoding T5) on input line
 306.
LaTeX Encoding Info:    Redeclaring text symbol \dj (encoding T5) on input line
 307.
LaTeX Encoding Info:    Redeclaring text symbol \Acircumflex (encoding T5) on i
nput line 312.
LaTeX Encoding Info:    Redeclaring text symbol \Abreve (encoding T5) on input 
line 319.
LaTeX Encoding Info:    Redeclaring text symbol \Ecircumflex (encoding T5) on i
nput line 326.
LaTeX Encoding Info:    Redeclaring text symbol \Ocircumflex (encoding T5) on i
nput line 333.
LaTeX Encoding Info:    Redeclaring text symbol \Ohorn (encoding T5) on input l
ine 340.
LaTeX Encoding Info:    Redeclaring text symbol \Uhorn (encoding T5) on input l
ine 347.
LaTeX Encoding Info:    Redeclaring text symbol \acircumflex (encoding T5) on i
nput line 354.
LaTeX Encoding Info:    Redeclaring text symbol \abreve (encoding T5) on input 
line 361.
LaTeX Encoding Info:    Redeclaring text symbol \ecircumflex (encoding T5) on i
nput line 368.
LaTeX Encoding Info:    Redeclaring text symbol \ocircumflex (encoding T5) on i
nput line 375.
LaTeX Encoding Info:    Redeclaring text symbol \ohorn (encoding T5) on input l
ine 382.
LaTeX Encoding Info:    Redeclaring text symbol \uhorn (encoding T5) on input l
ine 389.
LaTeX Encoding Info:    Redeclaring text symbol \ACIRCUMFLEX (encoding T5) on i
nput line 397.
LaTeX Encoding Info:    Redeclaring text symbol \ABREVE (encoding T5) on input 
line 404.
LaTeX Encoding Info:    Redeclaring text symbol \ECIRCUMFLEX (encoding T5) on i
nput line 411.
LaTeX Encoding Info:    Redeclaring text symbol \OCIRCUMFLEX (encoding T5) on i
nput line 418.
LaTeX Encoding Info:    Redeclaring text symbol \OHORN (encoding T5) on input l
ine 425.
LaTeX Encoding Info:    Redeclaring text symbol \UHORN (encoding T5) on input l
ine 432.
)
Package babel Info: Making " an active character on input line 147.
))
(C:\Users\nguye\AppData\Local\Programs\MiKTeX\tex/latex/base\textcomp.sty
Package: textcomp 2024/04/24 v2.1b Standard LaTeX package
)
(main.aux
Package babel Info: 'vietnamese' activates 'vietnamese' shorthands.
(babel)             Reported on input line 9.
 (my-chapters/Question1.aux) (my-chapters/Question2.aux)
(my-chapters/Question3.aux) (my-chapters/Question4.aux)
(my-chapters/Question5.aux) (my-chapters/Question6.aux)
(my-chapters/Question7.aux) (my-chapters/Question8.aux)
(my-chapters/Question9.aux) (my-chapters/Question10.aux)
(my-chapters/Question11.aux) (my-chapters/Question12.aux)
(my-chapters/Question13.aux) (my-chapters/Question14.aux))
\openout1 = `main.aux'.

LaTeX Font Info:    Checking defaults for OML/cmm/m/it on input line 57.
LaTeX Font Info:    ... okay on input line 57.
LaTeX Font Info:    Checking defaults for OMS/cmsy/m/n on input line 57.
LaTeX Font Info:    ... okay on input line 57.
LaTeX Font Info:    Checking defaults for OT1/cmr/m/n on input line 57.
LaTeX Font Info:    ... okay on input line 57.
LaTeX Font Info:    Checking defaults for T1/cmr/m/n on input line 57.
LaTeX Font Info:    ... okay on input line 57.
LaTeX Font Info:    Checking defaults for TS1/cmr/m/n on input line 57.
LaTeX Font Info:    ... okay on input line 57.
LaTeX Font Info:    Checking defaults for OMX/cmex/m/n on input line 57.
LaTeX Font Info:    ... okay on input line 57.
LaTeX Font Info:    Checking defaults for U/cmr/m/n on input line 57.
LaTeX Font Info:    ... okay on input line 57.
LaTeX Font Info:    Checking defaults for PD1/pdf/m/n on input line 57.
LaTeX Font Info:    ... okay on input line 57.
LaTeX Font Info:    Checking defaults for PU/pdf/m/n on input line 57.
LaTeX Font Info:    ... okay on input line 57.
LaTeX Font Info:    Checking defaults for T5/cmr/m/n on input line 57.
LaTeX Font Info:    ... okay on input line 57.

*geometry* driver: auto-detecting
*geometry* detected driver: pdftex
*geometry* verbose mode - [ preamble ] result:
* driver: pdftex
* paper: a4paper
* layout: <same size as paper>
* layoutoffset:(h,v)=(0.0pt,0.0pt)
* modes: includehead includefoot 
* h-part:(L,W,R)=(56.9055pt, 483.69687pt, 56.9055pt)
* v-part:(T,H,B)=(56.9055pt, 731.23584pt, 56.9055pt)
* \paperwidth=597.50787pt
* \paperheight=845.04684pt
* \textwidth=483.69687pt
* \textheight=646.23584pt
* \oddsidemargin=-15.36449pt
* \evensidemargin=-15.36449pt
* \topmargin=-15.36449pt
* \headheight=30.0pt
* \headsep=25.0pt
* \topskip=12.0pt
* \footskip=30.0pt
* \marginparwidth=35.0pt
* \marginparsep=10.0pt
* \columnsep=10.0pt
* \skip\footins=10.8pt plus 4.0pt minus 2.0pt
* \hoffset=0.0pt
* \voffset=0.0pt
* \mag=1000
* \@twocolumnfalse
* \@twosidefalse
* \@mparswitchfalse
* \@reversemarginfalse
* (1in=72.27pt=25.4mm, 1cm=28.453pt)

Package hyperref Info: Link coloring ON on input line 57.
(main.out) (main.out)
\@outlinefile=\write5
\openout5 = `main.out'.


(C:\Users\nguye\AppData\Local\Programs\MiKTeX\tex/context/base/mkii\supp-pdf.mk
ii
[Loading MPS to PDF converter (version 2006.09.02).]
\scratchcounter=\count407
\scratchdimen=\dimen345
\scratchbox=\box137
\nofMPsegments=\count408
\nofMParguments=\count409
\everyMPshowfont=\toks54
\MPscratchCnt=\count410
\MPscratchDim=\dimen346
\MPnumerator=\count411
\makeMPintoPDFobject=\count412
\everyMPtoPDFconversion=\toks55
)
(C:\Users\nguye\AppData\Local\Programs\MiKTeX\tex/latex/epstopdf-pkg\epstopdf-b
ase.sty
Package: epstopdf-base 2020-01-24 v2.11 Base part for package epstopdf
Package epstopdf-base Info: Redefining graphics rule for `.eps' on input line 4
85.

(C:\Users\nguye\AppData\Local\Programs\MiKTeX\tex/latex/00miktex\epstopdf-sys.c
fg
File: epstopdf-sys.cfg 2021/03/18 v2.0 Configuration of epstopdf for MiKTeX
))
Package caption Info: Begin \AtBeginDocument code.
Package caption Info: float package is loaded.
Package caption Info: listings package is loaded.
Package caption Info: End \AtBeginDocument code.
\c@lstlisting=\count413
<./my-chapters/my-images/01_logobachkhoatoi.png, id=194, 471.9231pt x 478.9092p
t>
File: ./my-chapters/my-images/01_logobachkhoatoi.png Graphic file (type png)
<use ./my-chapters/my-images/01_logobachkhoatoi.png>
Package pdftex.def Info: ./my-chapters/my-images/01_logobachkhoatoi.png  used o
n input line 59.
(pdftex.def)             Requested size: 188.76588pt x 191.56027pt.
LaTeX Font Info:    Calculating math sizes for size <14> on input line 59.
LaTeX Font Info:    Trying to load font information for U+msa on input line 59.

 (C:\Users\nguye\AppData\Local\Programs\MiKTeX\tex/latex/amsfonts\umsa.fd
File: umsa.fd 2013/01/14 v3.01 AMS symbols A
)
LaTeX Font Info:    Trying to load font information for U+msb on input line 59.


(C:\Users\nguye\AppData\Local\Programs\MiKTeX\tex/latex/amsfonts\umsb.fd
File: umsb.fd 2013/01/14 v3.01 AMS symbols B
)
Overfull \hbox (2.19716pt too wide) in paragraph at lines 59--59
 []|\T5/cmr/bx/n/14 STT| 
 []



<./my-chapters/my-images/bia.jpg, id=196, 301.125pt x 414.95026pt>
File: ./my-chapters/my-images/bia.jpg Graphic file (type jpg)
<use ./my-chapters/my-images/bia.jpg>
Package pdftex.def Info: ./my-chapters/my-images/bia.jpg  used on input line 60
.
(pdftex.def)             Requested size: 597.62614pt x 845.06903pt.
[1

{C:/Users/nguye/AppData/Local/MiKTeX/fonts/map/pdftex/pdftex.map} <./my-chapter
s/my-images/bia.jpg> <./my-chapters/my-images/01_logobachkhoatoi.png>]
(main.toc

[2])
\tf@toc=\write6
\openout6 = `main.toc'.



[3]

[4]
\openout2 = `./my-chapters/Question1.aux'.

 (my-chapters/Question1.tex

Package hyperref Warning: The anchor of a bookmark and its parent's must not
(hyperref)                be the same. Added a new anchor on input line 5.

LaTeX Font Info:    Trying to load font information for T5+cmss on input line 1
2.
(C:\Users\nguye\AppData\Local\Programs\MiKTeX\tex/latex/vntex\t5cmss.fd
File: t5cmss.fd 1999/05/25 v2.5h Standard LaTeX font definitions
)
<./my-chapters/my-images/Question1/câu 1 a tầng 1.png, id=264, 372.64218pt x
 199.49532pt>
File: ./my-chapters/my-images/Question1/câu 1 a tầng 1.png Graphic file (typ
e png)
<use ./my-chapters/my-images/Question1/câu 1 a tầng 1.png>
Package pdftex.def Info: ./my-chapters/my-images/Question1/câu 1 a tầng 1.pn
g  used on input line 19.
(pdftex.def)             Requested size: 386.95897pt x 207.16885pt.
<./my-chapters/my-images/Question1/Câu 1 a tầng 2.png, id=265, 416.30531pt x
 243.91125pt>
File: ./my-chapters/my-images/Question1/Câu 1 a tầng 2.png Graphic file (typ
e png)
<use ./my-chapters/my-images/Question1/Câu 1 a tầng 2.png>
Package pdftex.def Info: ./my-chapters/my-images/Question1/Câu 1 a tầng 2.pn
g  used on input line 32.
(pdftex.def)             Requested size: 386.95897pt x 226.72717pt.


<./my-chapters/my-images/logo_DEE.png, id=266, 76.03406pt x 75.28125pt>
File: ./my-chapters/my-images/logo_DEE.png Graphic file (type png)
<use ./my-chapters/my-images/logo_DEE.png>
Package pdftex.def Info: ./my-chapters/my-images/logo_DEE.png  used on input li
ne 34.
(pdftex.def)             Requested size: 9.676pt x 9.58012pt.

pdfTeX warning (ext4): destination with the same identifier (name{page.1}) has 
been already used, duplicate ignored
<to be read again> 
                   \relax 
l.34 	\end{figure}
                   [1

 <./my-chapters/my-images/Question1/câu 1 a tầng 1.png> <./my-chapters/my-im
ages/logo_DEE.png>]
<./my-chapters/my-images/Question1/a_mach_hoan_chinh.png, id=282, 1224.07312pt 
x 357.58594pt>
File: ./my-chapters/my-images/Question1/a_mach_hoan_chinh.png Graphic file (typ
e png)
<use ./my-chapters/my-images/Question1/a_mach_hoan_chinh.png>
Package pdftex.def Info: ./my-chapters/my-images/Question1/a_mach_hoan_chinh.pn
g  used on input line 40.
(pdftex.def)             Requested size: 435.32422pt x 127.17032pt.
<./my-chapters/my-images/Question1/a_mach_mo_phong.png, id=283, 1124.70187pt x 
452.4403pt>
File: ./my-chapters/my-images/Question1/a_mach_mo_phong.png Graphic file (type 
png)
<use ./my-chapters/my-images/Question1/a_mach_mo_phong.png>
Package pdftex.def Info: ./my-chapters/my-images/Question1/a_mach_mo_phong.png 
 used on input line 48.
(pdftex.def)             Requested size: 435.32422pt x 175.11859pt.


File: ./my-chapters/my-images/logo_DEE.png Graphic file (type png)
<use ./my-chapters/my-images/logo_DEE.png>
Package pdftex.def Info: ./my-chapters/my-images/logo_DEE.png  used on input li
ne 51.
(pdftex.def)             Requested size: 9.676pt x 9.58012pt.

pdfTeX warning (ext4): destination with the same identifier (name{page.2}) has 
been already used, duplicate ignored
<to be read again> 
                   \relax 
l.51 	
       [2 <./my-chapters/my-images/Question1/Câu 1 a tầng 2.png> <./my-chapt
ers/my-images/Question1/a_mach_hoan_chinh.png>]
<./my-chapters/my-images/Question1/a_ketqua_lytuong.png, id=292, 1444.64719pt x
 697.8572pt>
File: ./my-chapters/my-images/Question1/a_ketqua_lytuong.png Graphic file (type
 png)
<use ./my-chapters/my-images/Question1/a_ketqua_lytuong.png>
Package pdftex.def Info: ./my-chapters/my-images/Question1/a_ketqua_lytuong.png
  used on input line 54.
(pdftex.def)             Requested size: 435.32422pt x 210.28519pt.
<./my-chapters/my-images/Question1/a_saiso_lytuong.png, id=293, 1093.83656pt x 
441.90094pt>
File: ./my-chapters/my-images/Question1/a_saiso_lytuong.png Graphic file (type 
png)
<use ./my-chapters/my-images/Question1/a_saiso_lytuong.png>
Package pdftex.def Info: ./my-chapters/my-images/Question1/a_saiso_lytuong.png 
 used on input line 59.
(pdftex.def)             Requested size: 318.02412pt x 128.47838pt.

Underfull \hbox (badness 10000) in paragraph at lines 63--64
[]
 []


Overfull \hbox (30.00635pt too wide) in paragraph at lines 63--64
[] 
 []


Underfull \hbox (badness 10000) in paragraph at lines 64--65
[]
 []


Overfull \hbox (38.39456pt too wide) in paragraph at lines 64--65
[] 
 []


Overfull \hbox (2.61047pt too wide) in paragraph at lines 58--67
[]$[]$ $[]$ 
 []



File: ./my-chapters/my-images/logo_DEE.png Graphic file (type png)
<use ./my-chapters/my-images/logo_DEE.png>
Package pdftex.def Info: ./my-chapters/my-images/logo_DEE.png  used on input li
ne 75.
(pdftex.def)             Requested size: 9.676pt x 9.58012pt.

pdfTeX warning (ext4): destination with the same identifier (name{page.3}) has 
been already used, duplicate ignored
<to be read again> 
                   \relax 
l.75 			\item �
               ��nh hưởng do $V_{io}$ gây ra: [3 <./my-chapters/my-images/Q
uestion1/a_mach_mo_phong.png> <./my-chapters/my-images/Question1/a_ketqua_lytuo
ng.png> <./my-chapters/my-images/Question1/a_saiso_lytuong.png>]

File: ./my-chapters/my-images/logo_DEE.png Graphic file (type png)
<use ./my-chapters/my-images/logo_DEE.png>
Package pdftex.def Info: ./my-chapters/my-images/logo_DEE.png  used on input li
ne 123.
(pdftex.def)             Requested size: 9.676pt x 9.58012pt.

pdfTeX warning (ext4): destination with the same identifier (name{page.4}) has 
been already used, duplicate ignored
<to be read again> 
                   \relax 
l.123 	\end{center}
                    [4]
<./my-chapters/my-images/Question1/b_machmophong_nonideal.png, id=311, 1116.420
94pt x 441.14813pt>
File: ./my-chapters/my-images/Question1/b_machmophong_nonideal.png Graphic file
 (type png)
<use ./my-chapters/my-images/Question1/b_machmophong_nonideal.png>
Package pdftex.def Info: ./my-chapters/my-images/Question1/b_machmophong_nonide
al.png  used on input line 134.
(pdftex.def)             Requested size: 435.32422pt x 172.01341pt.
<./my-chapters/my-images/Question1/b_ketqua_nonideal.png, id=312, 1444.64719pt 
x 695.59875pt>
File: ./my-chapters/my-images/Question1/b_ketqua_nonideal.png Graphic file (typ
e png)
<use ./my-chapters/my-images/Question1/b_ketqua_nonideal.png>
Package pdftex.def Info: ./my-chapters/my-images/Question1/b_ketqua_nonideal.pn
g  used on input line 140.
(pdftex.def)             Requested size: 435.32422pt x 209.60464pt.
<./my-chapters/my-images/Question1/a_saiso_nonideal.png, id=313, 1089.31969pt x
 437.38406pt>
File: ./my-chapters/my-images/Question1/a_saiso_nonideal.png Graphic file (type
 png)
<use ./my-chapters/my-images/Question1/a_saiso_nonideal.png>
Package pdftex.def Info: ./my-chapters/my-images/Question1/a_saiso_nonideal.png
  used on input line 145.
(pdftex.def)             Requested size: 318.02412pt x 127.69238pt.

Underfull \hbox (badness 10000) in paragraph at lines 149--150
[]
 []


Overfull \hbox (30.00635pt too wide) in paragraph at lines 149--150
[] 
 []


Underfull \hbox (badness 10000) in paragraph at lines 150--151
[]
 []


Overfull \hbox (29.06119pt too wide) in paragraph at lines 150--151
[] 
 []


Overfull \hbox (2.61047pt too wide) in paragraph at lines 144--153
[]$[]$ $[]$ 
 []



File: ./my-chapters/my-images/logo_DEE.png Graphic file (type png)
<use ./my-chapters/my-images/logo_DEE.png>
Package pdftex.def Info: ./my-chapters/my-images/logo_DEE.png  used on input li
ne 153.
(pdftex.def)             Requested size: 9.676pt x 9.58012pt.
[5 <./my-chapters/my-images/Question1/b_machmophong_nonideal.png> <./my-chapter
s/my-images/Question1/b_ketqua_nonideal.png>])

File: ./my-chapters/my-images/logo_DEE.png Graphic file (type png)
<use ./my-chapters/my-images/logo_DEE.png>
Package pdftex.def Info: ./my-chapters/my-images/logo_DEE.png  used on input li
ne 75.
(pdftex.def)             Requested size: 9.676pt x 9.58012pt.
[6 <./my-chapters/my-images/Question1/a_saiso_nonideal.png>]
\openout2 = `./my-chapters/Question2.aux'.


(my-chapters/Question2.tex
<./my-chapters/my-images/Question2/debai_a.png, id=328, 583.42969pt x 377.91188
pt>
File: ./my-chapters/my-images/Question2/debai_a.png Graphic file (type png)
<use ./my-chapters/my-images/Question2/debai_a.png>
Package pdftex.def Info: ./my-chapters/my-images/Question2/debai_a.png  used on
 input line 8.
(pdftex.def)             Requested size: 241.84843pt x 156.65173pt.
<./my-chapters/my-images/Question2/debai_b.png, id=329, 494.59781pt x 377.91188
pt>
File: ./my-chapters/my-images/Question2/debai_b.png Graphic file (type png)
<use ./my-chapters/my-images/Question2/debai_b.png>
Package pdftex.def Info: ./my-chapters/my-images/Question2/debai_b.png  used on
 input line 16.
(pdftex.def)             Requested size: 241.84843pt x 184.79208pt.

Overfull \hbox (31.06323pt too wide) in paragraph at lines 5--21
[]$[]$ $[]$ 
 []

<./my-chapters/my-images/Question2/câu 2 hình a.png, id=330, 689.57625pt x 39
2.96812pt>
File: ./my-chapters/my-images/Question2/câu 2 hình a.png Graphic file (type p
ng)
<use ./my-chapters/my-images/Question2/câu 2 hình a.png>
Package pdftex.def Info: ./my-chapters/my-images/Question2/câu 2 hình a.png  
used on input line 26.
(pdftex.def)             Requested size: 435.32422pt x 248.08089pt.


File: ./my-chapters/my-images/logo_DEE.png Graphic file (type png)
<use ./my-chapters/my-images/logo_DEE.png>
Package pdftex.def Info: ./my-chapters/my-images/logo_DEE.png  used on input li
ne 31.
(pdftex.def)             Requested size: 9.676pt x 9.58012pt.
[7



 <./my-chapters/my-images/Question2/debai_a.png> <./my-chapters/my-images/Quest
ion2/debai_b.png> <./my-chapters/my-images/Question2/câu 2 hình a.png>]
<./my-chapters/my-images/Question2/câu 2 b hình a Vio.jpg, id=340, 963.6pt x 
416.30531pt>
File: ./my-chapters/my-images/Question2/câu 2 b hình a Vio.jpg Graphic file (
type jpg)
<use ./my-chapters/my-images/Question2/câu 2 b hình a Vio.jpg>
Package pdftex.def Info: ./my-chapters/my-images/Question2/câu 2 b hình a Vio
.jpg  used on input line 53.
(pdftex.def)             Requested size: 435.32422pt x 188.07253pt.


File: ./my-chapters/my-images/logo_DEE.png Graphic file (type png)
<use ./my-chapters/my-images/logo_DEE.png>
Package pdftex.def Info: ./my-chapters/my-images/logo_DEE.png  used on input li
ne 56.
(pdftex.def)             Requested size: 9.676pt x 9.58012pt.
[8]
<./my-chapters/my-images/Question2/Câu 2 b hình a Iio.jpg, id=346, 963.6pt x 
425.33907pt>
File: ./my-chapters/my-images/Question2/Câu 2 b hình a Iio.jpg Graphic file (
type jpg)
<use ./my-chapters/my-images/Question2/Câu 2 b hình a Iio.jpg>
Package pdftex.def Info: ./my-chapters/my-images/Question2/Câu 2 b hình a Iio
.jpg  used on input line 72.
(pdftex.def)             Requested size: 435.32422pt x 192.15366pt.


File: ./my-chapters/my-images/logo_DEE.png Graphic file (type png)
<use ./my-chapters/my-images/logo_DEE.png>
Package pdftex.def Info: ./my-chapters/my-images/logo_DEE.png  used on input li
ne 75.
(pdftex.def)             Requested size: 9.676pt x 9.58012pt.
[9 <./my-chapters/my-images/Question2/câu 2 b hình a Vio.jpg>]
<./my-chapters/my-images/Question2/Câu 2 hình b.png, id=354, 584.1825pt x 426
.84468pt>
File: ./my-chapters/my-images/Question2/Câu 2 hình b.png Graphic file (type p
ng)
<use ./my-chapters/my-images/Question2/Câu 2 hình b.png>
Package pdftex.def Info: ./my-chapters/my-images/Question2/Câu 2 hình b.png  
used on input line 113.
(pdftex.def)             Requested size: 435.32422pt x 318.0876pt.


File: ./my-chapters/my-images/logo_DEE.png Graphic file (type png)
<use ./my-chapters/my-images/logo_DEE.png>
Package pdftex.def Info: ./my-chapters/my-images/logo_DEE.png  used on input li
ne 115.
(pdftex.def)             Requested size: 9.676pt x 9.58012pt.
[10 <./my-chapters/my-images/Question2/Câu 2 b hình a Iio.jpg>]

File: ./my-chapters/my-images/logo_DEE.png Graphic file (type png)
<use ./my-chapters/my-images/logo_DEE.png>
Package pdftex.def Info: ./my-chapters/my-images/logo_DEE.png  used on input li
ne 131.
(pdftex.def)             Requested size: 9.676pt x 9.58012pt.
[11 <./my-chapters/my-images/Question2/Câu 2 hình b.png>]
<./my-chapters/my-images/Question2/câu 2 b hình b Vio.jpg, id=366, 963.6pt x 
535.2497pt>
File: ./my-chapters/my-images/Question2/câu 2 b hình b Vio.jpg Graphic file (
type jpg)
<use ./my-chapters/my-images/Question2/câu 2 b hình b Vio.jpg>
Package pdftex.def Info: ./my-chapters/my-images/Question2/câu 2 b hình b Vio
.jpg  used on input line 142.
(pdftex.def)             Requested size: 435.32422pt x 241.80753pt.


File: ./my-chapters/my-images/logo_DEE.png Graphic file (type png)
<use ./my-chapters/my-images/logo_DEE.png>
Package pdftex.def Info: ./my-chapters/my-images/logo_DEE.png  used on input li
ne 152.
(pdftex.def)             Requested size: 9.676pt x 9.58012pt.
[12 <./my-chapters/my-images/Question2/câu 2 b hình b Vio.jpg>]
<./my-chapters/my-images/Question2/câu 2 b hình b Iio.jpg, id=373, 963.6pt x 
525.46312pt>
File: ./my-chapters/my-images/Question2/câu 2 b hình b Iio.jpg Graphic file (
type jpg)
<use ./my-chapters/my-images/Question2/câu 2 b hình b Iio.jpg>
Package pdftex.def Info: ./my-chapters/my-images/Question2/câu 2 b hình b Iio
.jpg  used on input line 160.
(pdftex.def)             Requested size: 435.32422pt x 237.38629pt.

Underfull \hbox (badness 10000) in paragraph at lines 156--162

 []



File: ./my-chapters/my-images/logo_DEE.png Graphic file (type png)
<use ./my-chapters/my-images/logo_DEE.png>
Package pdftex.def Info: ./my-chapters/my-images/logo_DEE.png  used on input li
ne 186.
(pdftex.def)             Requested size: 9.676pt x 9.58012pt.
[13 <./my-chapters/my-images/Question2/câu 2 b hình b Iio.jpg>])

File: ./my-chapters/my-images/logo_DEE.png Graphic file (type png)
<use ./my-chapters/my-images/logo_DEE.png>
Package pdftex.def Info: ./my-chapters/my-images/logo_DEE.png  used on input li
ne 76.
(pdftex.def)             Requested size: 9.676pt x 9.58012pt.
[14]
\openout2 = `./my-chapters/Question3.aux'.

 (my-chapters/Question3.tex
<./my-chapters/my-images/Question3/debai.png, id=384, 681.29532pt x 334.24875pt
>
File: ./my-chapters/my-images/Question3/debai.png Graphic file (type png)
<use ./my-chapters/my-images/Question3/debai.png>
Package pdftex.def Info: ./my-chapters/my-images/Question3/debai.png  used on i
nput line 7.
(pdftex.def)             Requested size: 290.22107pt x 142.3828pt.
<./my-chapters/my-images/Question3/a_machmophong_ideal.png, id=385, 923.70094pt
 x 414.04688pt>
File: ./my-chapters/my-images/Question3/a_machmophong_ideal.png Graphic file (t
ype png)
<use ./my-chapters/my-images/Question3/a_machmophong_ideal.png>
Package pdftex.def Info: ./my-chapters/my-images/Question3/a_machmophong_ideal.
png  used on input line 30.
(pdftex.def)             Requested size: 435.32422pt x 195.13275pt.


File: ./my-chapters/my-images/logo_DEE.png Graphic file (type png)
<use ./my-chapters/my-images/logo_DEE.png>
Package pdftex.def Info: ./my-chapters/my-images/logo_DEE.png  used on input li
ne 33.
(pdftex.def)             Requested size: 9.676pt x 9.58012pt.
[15



 <./my-chapters/my-images/Question3/debai.png>]
<./my-chapters/my-images/Question3/a_songmophong_ideal.png, id=394, 1444.64719p
t x 703.12688pt>
File: ./my-chapters/my-images/Question3/a_songmophong_ideal.png Graphic file (t
ype png)
<use ./my-chapters/my-images/Question3/a_songmophong_ideal.png>
Package pdftex.def Info: ./my-chapters/my-images/Question3/a_songmophong_ideal.
png  used on input line 36.
(pdftex.def)             Requested size: 435.32422pt x 211.8731pt.
<./my-chapters/my-images/Question3/a_thongso.png, id=395, 921.4425pt x 454.6987
5pt>
File: ./my-chapters/my-images/Question3/a_thongso.png Graphic file (type png)
<use ./my-chapters/my-images/Question3/a_thongso.png>
Package pdftex.def Info: ./my-chapters/my-images/Question3/a_thongso.png  used 
on input line 41.
(pdftex.def)             Requested size: 318.02412pt x 156.93367pt.

Underfull \hbox (badness 10000) in paragraph at lines 45--46
[]
 []


Overfull \hbox (30.00635pt too wide) in paragraph at lines 45--46
[] 
 []


Underfull \hbox (badness 10000) in paragraph at lines 46--47
[]
 []


Overfull \hbox (38.39456pt too wide) in paragraph at lines 46--47
[] 
 []


Overfull \hbox (2.61047pt too wide) in paragraph at lines 40--49
[]$[]$ $[]$ 
 []



File: ./my-chapters/my-images/logo_DEE.png Graphic file (type png)
<use ./my-chapters/my-images/logo_DEE.png>
Package pdftex.def Info: ./my-chapters/my-images/logo_DEE.png  used on input li
ne 57.
(pdftex.def)             Requested size: 9.676pt x 9.58012pt.
[16 <./my-chapters/my-images/Question3/a_machmophong_ideal.png> <./my-chapters/
my-images/Question3/a_songmophong_ideal.png> <./my-chapters/my-images/Question3
/a_thongso.png>]

File: ./my-chapters/my-images/logo_DEE.png Graphic file (type png)
<use ./my-chapters/my-images/logo_DEE.png>
Package pdftex.def Info: ./my-chapters/my-images/logo_DEE.png  used on input li
ne 109.
(pdftex.def)             Requested size: 9.676pt x 9.58012pt.
[17]
<./my-chapters/my-images/Question3/b_mophong1_nonideal.png, id=410, 906.38625pt
 x 413.29407pt>
File: ./my-chapters/my-images/Question3/b_mophong1_nonideal.png Graphic file (t
ype png)
<use ./my-chapters/my-images/Question3/b_mophong1_nonideal.png>
Package pdftex.def Info: ./my-chapters/my-images/Question3/b_mophong1_nonideal.
png  used on input line 125.
(pdftex.def)             Requested size: 435.32422pt x 198.4987pt.
<./my-chapters/my-images/Question3/b_songmophong1_nonideal.png, id=411, 1444.64
719pt x 697.8572pt>
File: ./my-chapters/my-images/Question3/b_songmophong1_nonideal.png Graphic fil
e (type png)
<use ./my-chapters/my-images/Question3/b_songmophong1_nonideal.png>
Package pdftex.def Info: ./my-chapters/my-images/Question3/b_songmophong1_nonid
eal.png  used on input line 131.
(pdftex.def)             Requested size: 435.32422pt x 210.28519pt.


File: ./my-chapters/my-images/logo_DEE.png Graphic file (type png)
<use ./my-chapters/my-images/logo_DEE.png>
Package pdftex.def Info: ./my-chapters/my-images/logo_DEE.png  used on input li
ne 134.
(pdftex.def)             Requested size: 9.676pt x 9.58012pt.
[18 <./my-chapters/my-images/Question3/b_mophong1_nonideal.png>]
<./my-chapters/my-images/Question3/b_saiso_nonideal_1.png, id=419, 880.79062pt 
x 453.19313pt>
File: ./my-chapters/my-images/Question3/b_saiso_nonideal_1.png Graphic file (ty
pe png)
<use ./my-chapters/my-images/Question3/b_saiso_nonideal_1.png>
Package pdftex.def Info: ./my-chapters/my-images/Question3/b_saiso_nonideal_1.p
ng  used on input line 136.
(pdftex.def)             Requested size: 318.02412pt x 163.63345pt.

Underfull \hbox (badness 10000) in paragraph at lines 140--141
[]
 []


Overfull \hbox (30.00635pt too wide) in paragraph at lines 140--141
[] 
 []


Underfull \hbox (badness 10000) in paragraph at lines 141--142
[]
 []


Overfull \hbox (29.06119pt too wide) in paragraph at lines 141--142
[] 
 []


Overfull \hbox (2.61047pt too wide) in paragraph at lines 135--144
[]$[]$ $[]$ 
 []

<./my-chapters/my-images/Question3/b_mophong2_nonideal.png, id=420, 1081.03876p
t x 445.665pt>
File: ./my-chapters/my-images/Question3/b_mophong2_nonideal.png Graphic file (t
ype png)
<use ./my-chapters/my-images/Question3/b_mophong2_nonideal.png>
Package pdftex.def Info: ./my-chapters/my-images/Question3/b_mophong2_nonideal.
png  used on input line 156.
(pdftex.def)             Requested size: 435.32422pt x 179.45969pt.


File: ./my-chapters/my-images/logo_DEE.png Graphic file (type png)
<use ./my-chapters/my-images/logo_DEE.png>
Package pdftex.def Info: ./my-chapters/my-images/logo_DEE.png  used on input li
ne 159.
(pdftex.def)             Requested size: 9.676pt x 9.58012pt.
[19 <./my-chapters/my-images/Question3/b_songmophong1_nonideal.png> <./my-chapt
ers/my-images/Question3/b_saiso_nonideal_1.png>]
<./my-chapters/my-images/Question3/b_songmophong2_nonideal.png, id=429, 1444.64
719pt x 698.61pt>
File: ./my-chapters/my-images/Question3/b_songmophong2_nonideal.png Graphic fil
e (type png)
<use ./my-chapters/my-images/Question3/b_songmophong2_nonideal.png>
Package pdftex.def Info: ./my-chapters/my-images/Question3/b_songmophong2_nonid
eal.png  used on input line 162.
(pdftex.def)             Requested size: 435.32422pt x 210.51202pt.
<./my-chapters/my-images/Question3/b_saiso_nonideal_2.png, id=430, 884.55469pt 
x 455.45157pt>
File: ./my-chapters/my-images/Question3/b_saiso_nonideal_2.png Graphic file (ty
pe png)
<use ./my-chapters/my-images/Question3/b_saiso_nonideal_2.png>
Package pdftex.def Info: ./my-chapters/my-images/Question3/b_saiso_nonideal_2.p
ng  used on input line 167.
(pdftex.def)             Requested size: 318.02412pt x 163.747pt.

Underfull \hbox (badness 10000) in paragraph at lines 171--172
[]
 []


Overfull \hbox (30.00635pt too wide) in paragraph at lines 171--172
[] 
 []


Underfull \hbox (badness 10000) in paragraph at lines 172--173
[]
 []


Overfull \hbox (38.39456pt too wide) in paragraph at lines 172--173
[] 
 []


Overfull \hbox (2.61047pt too wide) in paragraph at lines 166--175
[]$[]$ $[]$ 
 []



File: ./my-chapters/my-images/logo_DEE.png Graphic file (type png)
<use ./my-chapters/my-images/logo_DEE.png>
Package pdftex.def Info: ./my-chapters/my-images/logo_DEE.png  used on input li
ne 176.
(pdftex.def)             Requested size: 9.676pt x 9.58012pt.
[20 <./my-chapters/my-images/Question3/b_mophong2_nonideal.png> <./my-chapters/
my-images/Question3/b_songmophong2_nonideal.png>])

File: ./my-chapters/my-images/logo_DEE.png Graphic file (type png)
<use ./my-chapters/my-images/logo_DEE.png>
Package pdftex.def Info: ./my-chapters/my-images/logo_DEE.png  used on input li
ne 77.
(pdftex.def)             Requested size: 9.676pt x 9.58012pt.
[21 <./my-chapters/my-images/Question3/b_saiso_nonideal_2.png>]
\openout2 = `./my-chapters/Question4.aux'.


(my-chapters/Question4.tex
<./my-chapters/my-images/Question4/debai.png, id=446, 496.10344pt x 328.22626pt
>
File: ./my-chapters/my-images/Question4/debai.png Graphic file (type png)
<use ./my-chapters/my-images/Question4/debai.png>
Package pdftex.def Info: ./my-chapters/my-images/Question4/debai.png  used on i
nput line 7.
(pdftex.def)             Requested size: 290.22107pt x 192.01408pt.
<./my-chapters/my-images/Question4/a_machmophong.png, id=447, 871.00406pt x 427
.5975pt>
File: ./my-chapters/my-images/Question4/a_machmophong.png Graphic file (type pn
g)
<use ./my-chapters/my-images/Question4/a_machmophong.png>
Package pdftex.def Info: ./my-chapters/my-images/Question4/a_machmophong.png  u
sed on input line 29.
(pdftex.def)             Requested size: 435.32422pt x 213.70688pt.


File: ./my-chapters/my-images/logo_DEE.png Graphic file (type png)
<use ./my-chapters/my-images/logo_DEE.png>
Package pdftex.def Info: ./my-chapters/my-images/logo_DEE.png  used on input li
ne 32.
(pdftex.def)             Requested size: 9.676pt x 9.58012pt.
[22



 <./my-chapters/my-images/Question4/debai.png>]
<./my-chapters/my-images/Question4/a_songmophong.png, id=454, 1443.89438pt x 70
3.87968pt>
File: ./my-chapters/my-images/Question4/a_songmophong.png Graphic file (type pn
g)
<use ./my-chapters/my-images/Question4/a_songmophong.png>
Package pdftex.def Info: ./my-chapters/my-images/Question4/a_songmophong.png  u
sed on input line 35.
(pdftex.def)             Requested size: 435.32422pt x 212.20734pt.
<./my-chapters/my-images/Question4/a_mophongthongso.png, id=455, 761.84625pt x 
469.00218pt>
File: ./my-chapters/my-images/Question4/a_mophongthongso.png Graphic file (type
 png)
<use ./my-chapters/my-images/Question4/a_mophongthongso.png>
Package pdftex.def Info: ./my-chapters/my-images/Question4/a_mophongthongso.png
  used on input line 40.
(pdftex.def)             Requested size: 241.84843pt x 148.88148pt.

Overfull \hbox (31.06323pt too wide) in paragraph at lines 39--49
[]$[]$ $[]$ 
 []



File: ./my-chapters/my-images/logo_DEE.png Graphic file (type png)
<use ./my-chapters/my-images/logo_DEE.png>
Package pdftex.def Info: ./my-chapters/my-images/logo_DEE.png  used on input li
ne 50.
(pdftex.def)             Requested size: 9.676pt x 9.58012pt.
[23 <./my-chapters/my-images/Question4/a_machmophong.png> <./my-chapters/my-ima
ges/Question4/a_songmophong.png>]
<./my-chapters/my-images/Question4/câu 4 b Vio.jpg, id=464, 1284.8pt x 907.39p
t>
File: ./my-chapters/my-images/Question4/câu 4 b Vio.jpg Graphic file (type jpg
)
<use ./my-chapters/my-images/Question4/câu 4 b Vio.jpg>
Package pdftex.def Info: ./my-chapters/my-images/Question4/câu 4 b Vio.jpg  us
ed on input line 57.
(pdftex.def)             Requested size: 435.32422pt x 307.4424pt.


File: ./my-chapters/my-images/logo_DEE.png Graphic file (type png)
<use ./my-chapters/my-images/logo_DEE.png>
Package pdftex.def Info: ./my-chapters/my-images/logo_DEE.png  used on input li
ne 65.
(pdftex.def)             Requested size: 9.676pt x 9.58012pt.
[24 <./my-chapters/my-images/Question4/a_mophongthongso.png> <./my-chapters/my-
images/Question4/câu 4 b Vio.jpg>]
<./my-chapters/my-images/Question4/câu 4 b Iio.jpg, id=472, 1284.8pt x 907.39p
t>
File: ./my-chapters/my-images/Question4/câu 4 b Iio.jpg Graphic file (type jpg
)
<use ./my-chapters/my-images/Question4/câu 4 b Iio.jpg>
Package pdftex.def Info: ./my-chapters/my-images/Question4/câu 4 b Iio.jpg  us
ed on input line 91.
(pdftex.def)             Requested size: 435.32422pt x 307.4424pt.


File: ./my-chapters/my-images/logo_DEE.png Graphic file (type png)
<use ./my-chapters/my-images/logo_DEE.png>
Package pdftex.def Info: ./my-chapters/my-images/logo_DEE.png  used on input li
ne 109.
(pdftex.def)             Requested size: 9.676pt x 9.58012pt.
[25 <./my-chapters/my-images/Question4/câu 4 b Iio.jpg>]
<./my-chapters/my-images/Question4/b_timR_tailytuong.png, id=479, 914.66719pt x
 450.18187pt>
File: ./my-chapters/my-images/Question4/b_timR_tailytuong.png Graphic file (typ
e png)
<use ./my-chapters/my-images/Question4/b_timR_tailytuong.png>
Package pdftex.def Info: ./my-chapters/my-images/Question4/b_timR_tailytuong.pn
g  used on input line 145.
(pdftex.def)             Requested size: 435.32422pt x 214.25763pt.


File: ./my-chapters/my-images/logo_DEE.png Graphic file (type png)
<use ./my-chapters/my-images/logo_DEE.png>
Package pdftex.def Info: ./my-chapters/my-images/logo_DEE.png  used on input li
ne 148.
(pdftex.def)             Requested size: 9.676pt x 9.58012pt.
[26]
<./my-chapters/my-images/Question4/b_timR_song_tailytuong.png, id=485, 1443.894
38pt x 701.62125pt>
File: ./my-chapters/my-images/Question4/b_timR_song_tailytuong.png Graphic file
 (type png)
<use ./my-chapters/my-images/Question4/b_timR_song_tailytuong.png>
Package pdftex.def Info: ./my-chapters/my-images/Question4/b_timR_song_tailytuo
ng.png  used on input line 151.
(pdftex.def)             Requested size: 435.32422pt x 211.52646pt.
<./my-chapters/my-images/Question4/b_timR_saiso_lytuong.png, id=486, 841.64438p
t x 441.14813pt>
File: ./my-chapters/my-images/Question4/b_timR_saiso_lytuong.png Graphic file (
type png)
<use ./my-chapters/my-images/Question4/b_timR_saiso_lytuong.png>
Package pdftex.def Info: ./my-chapters/my-images/Question4/b_timR_saiso_lytuong
.png  used on input line 156.
(pdftex.def)             Requested size: 318.02412pt x 166.69563pt.

Underfull \hbox (badness 10000) in paragraph at lines 160--161
[]
 []


Overfull \hbox (34.25641pt too wide) in paragraph at lines 160--161
[] 
 []


Underfull \hbox (badness 10000) in paragraph at lines 161--162
[]
 []


Overfull \hbox (16.88089pt too wide) in paragraph at lines 161--162
[] 
 []


Overfull \hbox (2.61047pt too wide) in paragraph at lines 155--164
[]$[]$ $[]$ 
 []

<./my-chapters/my-images/Question4/b_timR_taikhonglytuong.png, id=487, 935.7459
4pt x 458.46281pt>
File: ./my-chapters/my-images/Question4/b_timR_taikhonglytuong.png Graphic file
 (type png)
<use ./my-chapters/my-images/Question4/b_timR_taikhonglytuong.png>
Package pdftex.def Info: ./my-chapters/my-images/Question4/b_timR_taikhonglytuo
ng.png  used on input line 167.
(pdftex.def)             Requested size: 435.32422pt x 213.28793pt.


File: ./my-chapters/my-images/logo_DEE.png Graphic file (type png)
<use ./my-chapters/my-images/logo_DEE.png>
Package pdftex.def Info: ./my-chapters/my-images/logo_DEE.png  used on input li
ne 169.
(pdftex.def)             Requested size: 9.676pt x 9.58012pt.
[27 <./my-chapters/my-images/Question4/b_timR_tailytuong.png> <./my-chapters/my
-images/Question4/b_timR_song_tailytuong.png>]
<./my-chapters/my-images/Question4/b_timR_song_taikhonglytuong.png, id=498, 144
4.64719pt x 700.86844pt>
File: ./my-chapters/my-images/Question4/b_timR_song_taikhonglytuong.png Graphic
 file (type png)
<use ./my-chapters/my-images/Question4/b_timR_song_taikhonglytuong.png>
Package pdftex.def Info: ./my-chapters/my-images/Question4/b_timR_song_taikhong
lytuong.png  used on input line 173.
(pdftex.def)             Requested size: 435.32422pt x 211.19257pt.


File: ./my-chapters/my-images/logo_DEE.png Graphic file (type png)
<use ./my-chapters/my-images/logo_DEE.png>
Package pdftex.def Info: ./my-chapters/my-images/logo_DEE.png  used on input li
ne 176.
(pdftex.def)             Requested size: 9.676pt x 9.58012pt.
[28 <./my-chapters/my-images/Question4/b_timR_saiso_lytuong.png> <./my-chapters
/my-images/Question4/b_timR_taikhonglytuong.png>]
<./my-chapters/my-images/Question4/b_timR_saiso_kolytuong.png, id=507, 861.2175
pt x 441.14813pt>
File: ./my-chapters/my-images/Question4/b_timR_saiso_kolytuong.png Graphic file
 (type png)
<use ./my-chapters/my-images/Question4/b_timR_saiso_kolytuong.png>
Package pdftex.def Info: ./my-chapters/my-images/Question4/b_timR_saiso_kolytuo
ng.png  used on input line 178.
(pdftex.def)             Requested size: 318.02412pt x 162.90587pt.

Underfull \hbox (badness 10000) in paragraph at lines 182--183
[]
 []


Overfull \hbox (34.25641pt too wide) in paragraph at lines 182--183
[] 
 []


Underfull \hbox (badness 10000) in paragraph at lines 183--184
[]
 []


Overfull \hbox (16.88089pt too wide) in paragraph at lines 183--184
[] 
 []


Overfull \hbox (2.61047pt too wide) in paragraph at lines 177--186
[]$[]$ $[]$ 
 []

)

File: ./my-chapters/my-images/logo_DEE.png Graphic file (type png)
<use ./my-chapters/my-images/logo_DEE.png>
Package pdftex.def Info: ./my-chapters/my-images/logo_DEE.png  used on input li
ne 78.
(pdftex.def)             Requested size: 9.676pt x 9.58012pt.
[29 <./my-chapters/my-images/Question4/b_timR_song_taikhonglytuong.png> <./my-c
hapters/my-images/Question4/b_timR_saiso_kolytuong.png>]
\openout2 = `./my-chapters/Question5.aux'.


(my-chapters/Question5.tex
<my-chapters/my-images/Question5/Debai.png, id=515, 534.49687pt x 356.0803pt>
File: my-chapters/my-images/Question5/Debai.png Graphic file (type png)
<use my-chapters/my-images/Question5/Debai.png>
Package pdftex.def Info: my-chapters/my-images/Question5/Debai.png  used on inp
ut line 7.
(pdftex.def)             Requested size: 338.58632pt x 225.576pt.
 (my-chapters/Question5/Question5_a.tex
<./my-chapters/my-images/Question5/a/a_setup_opamp_ideal.png, id=516, 866.48718
pt x 454.69875pt>
File: ./my-chapters/my-images/Question5/a/a_setup_opamp_ideal.png Graphic file 
(type png)
<use ./my-chapters/my-images/Question5/a/a_setup_opamp_ideal.png>
Package pdftex.def Info: ./my-chapters/my-images/Question5/a/a_setup_opamp_idea
l.png  used on input line 8.
(pdftex.def)             Requested size: 193.47578pt x 101.52573pt.


File: ./my-chapters/my-images/logo_DEE.png Graphic file (type png)
<use ./my-chapters/my-images/logo_DEE.png>
Package pdftex.def Info: ./my-chapters/my-images/logo_DEE.png  used on input li
ne 15.
(pdftex.def)             Requested size: 9.676pt x 9.58012pt.
[30



 <./my-chapters/my-images/Question5/Debai.png> <./my-chapters/my-images/Questio
n5/a/a_setup_opamp_ideal.png>]
<./my-chapters/my-images/Question5/a/a_machmophong.png, id=525, 660.96938pt x 3
95.22656pt>
File: ./my-chapters/my-images/Question5/a/a_machmophong.png Graphic file (type 
png)
<use ./my-chapters/my-images/Question5/a/a_machmophong.png>
Package pdftex.def Info: ./my-chapters/my-images/Question5/a/a_machmophong.png 
 used on input line 26.
(pdftex.def)             Requested size: 386.95897pt x 231.39053pt.
<./my-chapters/my-diagrams/Question5/a_dangsongngora.pdf, id=526, 794.97pt x 61
4.295pt>
File: ./my-chapters/my-diagrams/Question5/a_dangsongngora.pdf Graphic file (typ
e pdf)
<use ./my-chapters/my-diagrams/Question5/a_dangsongngora.pdf>
Package pdftex.def Info: ./my-chapters/my-diagrams/Question5/a_dangsongngora.pd
f  used on input line 32.
(pdftex.def)             Requested size: 386.95897pt x 299.02002pt.


File: ./my-chapters/my-images/logo_DEE.png Graphic file (type png)
<use ./my-chapters/my-images/logo_DEE.png>
Package pdftex.def Info: ./my-chapters/my-images/logo_DEE.png  used on input li
ne 35.
(pdftex.def)             Requested size: 9.676pt x 9.58012pt.
[31 <./my-chapters/my-images/Question5/a/a_machmophong.png>])
(my-chapters/Question5/Question5_b.tex
<./my-chapters/my-images/Question5/b/b_setup_max_in.png, id=534, 532.23843pt x 
423.83344pt>
File: ./my-chapters/my-images/Question5/b/b_setup_max_in.png Graphic file (type
 png)
<use ./my-chapters/my-images/Question5/b/b_setup_max_in.png>
Package pdftex.def Info: ./my-chapters/my-images/Question5/b/b_setup_max_in.png
  used on input line 3.
(pdftex.def)             Requested size: 193.47578pt x 154.06735pt.


File: ./my-chapters/my-images/logo_DEE.png Graphic file (type png)
<use ./my-chapters/my-images/logo_DEE.png>
Package pdftex.def Info: ./my-chapters/my-images/logo_DEE.png  used on input li
ne 6.
(pdftex.def)             Requested size: 9.676pt x 9.58012pt.
[32 <./my-chapters/my-diagrams/Question5/a_dangsongngora.pdf, page is rotated 9
0 degrees>]
<./my-chapters/my-diagrams/Question5/b_dangsongngora.pdf, id=546, 794.97pt x 61
4.295pt>
File: ./my-chapters/my-diagrams/Question5/b_dangsongngora.pdf Graphic file (typ
e pdf)
<use ./my-chapters/my-diagrams/Question5/b_dangsongngora.pdf>
Package pdftex.def Info: ./my-chapters/my-diagrams/Question5/b_dangsongngora.pd
f  used on input line 9.
(pdftex.def)             Requested size: 386.95897pt x 299.02002pt.


File: ./my-chapters/my-images/logo_DEE.png Graphic file (type png)
<use ./my-chapters/my-images/logo_DEE.png>
Package pdftex.def Info: ./my-chapters/my-images/logo_DEE.png  used on input li
ne 15.
(pdftex.def)             Requested size: 9.676pt x 9.58012pt.
[33 <./my-chapters/my-images/Question5/b/b_setup_max_in.png> <./my-chapters/my-
diagrams/Question5/b_dangsongngora.pdf, page is rotated 90 degrees>]

LaTeX Warning: Command \' invalid in math mode on input line 16.


LaTeX Warning: Command \' invalid in math mode on input line 16.


LaTeX Warning: Command \d invalid in math mode on input line 16.


LaTeX Warning: Command \d invalid in math mode on input line 16.


LaTeX Warning: Command \' invalid in math mode on input line 16.

Missing character: There is no � in font cmr12!
Missing character: There is no � in font cmr12!
Missing character: There is no � in font cmr12!
Missing character: There is no � in font cmr12!
Missing character: There is no � in font cmr12!
) (my-chapters/Question5/Question5_c.tex
<./my-chapters/my-images/Question5/c/c_mophong.png, id=562, 561.59813pt x 438.1
3687pt>
File: ./my-chapters/my-images/Question5/c/c_mophong.png Graphic file (type png)

<use ./my-chapters/my-images/Question5/c/c_mophong.png>
Package pdftex.def Info: ./my-chapters/my-images/Question5/c/c_mophong.png  use
d on input line 3.
(pdftex.def)             Requested size: 193.47578pt x 150.93675pt.
<./my-chapters/my-diagrams/Question5/c_dangsongngora.pdf, id=563, 794.97pt x 61
4.295pt>
File: ./my-chapters/my-diagrams/Question5/c_dangsongngora.pdf Graphic file (typ
e pdf)
<use ./my-chapters/my-diagrams/Question5/c_dangsongngora.pdf>
Package pdftex.def Info: ./my-chapters/my-diagrams/Question5/c_dangsongngora.pd
f  used on input line 9.
(pdftex.def)             Requested size: 386.95897pt x 299.02002pt.


File: ./my-chapters/my-images/logo_DEE.png Graphic file (type png)
<use ./my-chapters/my-images/logo_DEE.png>
Package pdftex.def Info: ./my-chapters/my-images/logo_DEE.png  used on input li
ne 12.
(pdftex.def)             Requested size: 9.676pt x 9.58012pt.
[34 <./my-chapters/my-images/Question5/c/c_mophong.png>]))

File: ./my-chapters/my-images/logo_DEE.png Graphic file (type png)
<use ./my-chapters/my-images/logo_DEE.png>
Package pdftex.def Info: ./my-chapters/my-images/logo_DEE.png  used on input li
ne 79.
(pdftex.def)             Requested size: 9.676pt x 9.58012pt.
[35 <./my-chapters/my-diagrams/Question5/c_dangsongngora.pdf, page is rotated 9
0 degrees>]
\openout2 = `./my-chapters/Question6.aux'.

 (my-chapters/Question6.tex

Package hyperref Warning: The anchor of a bookmark and its parent's must not
(hyperref)                be the same. Added a new anchor on input line 5.

<./my-chapters/my-images/Question6/debai_sododienap.png, id=582, 536.75531pt x 
405.01312pt>
File: ./my-chapters/my-images/Question6/debai_sododienap.png Graphic file (type
 png)
<use ./my-chapters/my-images/Question6/debai_sododienap.png>
Package pdftex.def Info: ./my-chapters/my-images/Question6/debai_sododienap.png
  used on input line 12.
(pdftex.def)             Requested size: 241.84843pt x 182.48904pt.

Overfull \hbox (31.06323pt too wide) in paragraph at lines 9--19
[]$[]$ $[]$ 
 []

<./my-chapters/my-diagrams/Question6/a_non-ideal-module.png, id=583, 532.99126p
t x 568.1225pt>
File: ./my-chapters/my-diagrams/Question6/a_non-ideal-module.png Graphic file (
type png)
<use ./my-chapters/my-diagrams/Question6/a_non-ideal-module.png>
Package pdftex.def Info: ./my-chapters/my-diagrams/Question6/a_non-ideal-module
.png  used on input line 30.
(pdftex.def)             Requested size: 338.58632pt x 360.9098pt.


File: ./my-chapters/my-images/logo_DEE.png Graphic file (type png)
<use ./my-chapters/my-images/logo_DEE.png>
Package pdftex.def Info: ./my-chapters/my-images/logo_DEE.png  used on input li
ne 33.
(pdftex.def)             Requested size: 9.676pt x 9.58012pt.
[36



 <./my-chapters/my-images/Question6/debai_sododienap.png>]

File: ./my-chapters/my-images/logo_DEE.png Graphic file (type png)
<use ./my-chapters/my-images/logo_DEE.png>
Package pdftex.def Info: ./my-chapters/my-images/logo_DEE.png  used on input li
ne 50.
(pdftex.def)             Requested size: 9.676pt x 9.58012pt.
[37 <./my-chapters/my-diagrams/Question6/a_non-ideal-module.png>]
<./my-chapters/my-images/Question6/datasheet.png, id=598, 1061.46562pt x 602.25
pt>
File: ./my-chapters/my-images/Question6/datasheet.png Graphic file (type png)
<use ./my-chapters/my-images/Question6/datasheet.png>
Package pdftex.def Info: ./my-chapters/my-images/Question6/datasheet.png  used 
on input line 80.
(pdftex.def)             Requested size: 435.32422pt x 246.9976pt.


File: ./my-chapters/my-images/logo_DEE.png Graphic file (type png)
<use ./my-chapters/my-images/logo_DEE.png>
Package pdftex.def Info: ./my-chapters/my-images/logo_DEE.png  used on input li
ne 83.
(pdftex.def)             Requested size: 9.676pt x 9.58012pt.
[38]
<my-chapters/my-images/Question6/c_schematic.png, id=604, 576.65437pt x 473.519
06pt>
File: my-chapters/my-images/Question6/c_schematic.png Graphic file (type png)
<use my-chapters/my-images/Question6/c_schematic.png>
Package pdftex.def Info: my-chapters/my-images/Question6/c_schematic.png  used 
on input line 102.
(pdftex.def)             Requested size: 338.58632pt x 278.03712pt.


File: ./my-chapters/my-images/logo_DEE.png Graphic file (type png)
<use ./my-chapters/my-images/logo_DEE.png>
Package pdftex.def Info: ./my-chapters/my-images/logo_DEE.png  used on input li
ne 106.
(pdftex.def)             Requested size: 9.676pt x 9.58012pt.
[39 <./my-chapters/my-images/Question6/datasheet.png>]
<my-chapters/my-images/Question6/c_dcsweep.png, id=612, 954.56625pt x 499.11469
pt>
File: my-chapters/my-images/Question6/c_dcsweep.png Graphic file (type png)
<use my-chapters/my-images/Question6/c_dcsweep.png>
Package pdftex.def Info: my-chapters/my-images/Question6/c_dcsweep.png  used on
 input line 111.
(pdftex.def)             Requested size: 338.58632pt x 177.03082pt.
<my-chapters/my-images/Question6/c_waveform_for_dcsweep.png, id=613, 1437.87187
pt x 675.27281pt>
File: my-chapters/my-images/Question6/c_waveform_for_dcsweep.png Graphic file (
type png)
<use my-chapters/my-images/Question6/c_waveform_for_dcsweep.png>
Package pdftex.def Info: my-chapters/my-images/Question6/c_waveform_for_dcsweep
.png  used on input line 120.
(pdftex.def)             Requested size: 483.69687pt x 227.15802pt.


File: ./my-chapters/my-images/logo_DEE.png Graphic file (type png)
<use ./my-chapters/my-images/logo_DEE.png>
Package pdftex.def Info: ./my-chapters/my-images/logo_DEE.png  used on input li
ne 123.
(pdftex.def)             Requested size: 9.676pt x 9.58012pt.
[40 <./my-chapters/my-images/Question6/c_schematic.png> <./my-chapters/my-image
s/Question6/c_dcsweep.png>]
<./my-chapters/my-images/Question6/c_kiemtrasaiso.png, id=623, 627.84563pt x 54
8.80031pt>
File: ./my-chapters/my-images/Question6/c_kiemtrasaiso.png Graphic file (type p
ng)
<use ./my-chapters/my-images/Question6/c_kiemtrasaiso.png>
Package pdftex.def Info: ./my-chapters/my-images/Question6/c_kiemtrasaiso.png  
used on input line 129.
(pdftex.def)             Requested size: 241.84843pt x 211.39343pt.

Overfull \hbox (33.19923pt too wide) in paragraph at lines 136--137
[]\T5/cmr/m/n/12 Gi� tr� []
 []


Underfull \hbox (badness 10000) in paragraph at lines 137--138
[]\T5/cmr/m/n/12 Sai s� � ng� ra r�i v�o
 []


Underfull \hbox (badness 10000) in paragraph at lines 137--138
\T5/cmr/m/n/12 t�m [] v�
 []

)
Overfull \hbox (31.06323pt too wide) in paragraph at lines 126--80
[]$[]$ $[]$ 
 []



File: ./my-chapters/my-images/logo_DEE.png Graphic file (type png)
<use ./my-chapters/my-images/logo_DEE.png>
Package pdftex.def Info: ./my-chapters/my-images/logo_DEE.png  used on input li
ne 80.
(pdftex.def)             Requested size: 9.676pt x 9.58012pt.
[41 <./my-chapters/my-images/Question6/c_waveform_for_dcsweep.png> <./my-chapte
rs/my-images/Question6/c_kiemtrasaiso.png>]
\openout2 = `./my-chapters/Question7.aux'.

 (my-chapters/Question7.tex

Package hyperref Warning: The anchor of a bookmark and its parent's must not
(hyperref)                be the same. Added a new anchor on input line 5.

<./my-chapters/my-images/Question7/debai.png, id=632, 1053.9375pt x 308.65312pt
>
File: ./my-chapters/my-images/Question7/debai.png Graphic file (type png)
<use ./my-chapters/my-images/Question7/debai.png>
Package pdftex.def Info: ./my-chapters/my-images/Question7/debai.png  used on i
nput line 10.
(pdftex.def)             Requested size: 241.84843pt x 70.82388pt.

Overfull \hbox (31.06323pt too wide) in paragraph at lines 7--17
[]$[]$ $[]$ 
 []

<./my-chapters/my-diagrams/Question7/a_non_ideal_module_q7.png, id=633, 521.95p
t x 508.90125pt>
File: ./my-chapters/my-diagrams/Question7/a_non_ideal_module_q7.png Graphic fil
e (type png)
<use ./my-chapters/my-diagrams/Question7/a_non_ideal_module_q7.png>
Package pdftex.def Info: ./my-chapters/my-diagrams/Question7/a_non_ideal_module
_q7.png  used on input line 22.
(pdftex.def)             Requested size: 386.95897pt x 377.28766pt.


File: ./my-chapters/my-images/logo_DEE.png Graphic file (type png)
<use ./my-chapters/my-images/logo_DEE.png>
Package pdftex.def Info: ./my-chapters/my-images/logo_DEE.png  used on input li
ne 25.
(pdftex.def)             Requested size: 9.676pt x 9.58012pt.
[42



 <./my-chapters/my-images/Question7/debai.png>]

File: ./my-chapters/my-images/logo_DEE.png Graphic file (type png)
<use ./my-chapters/my-images/logo_DEE.png>
Package pdftex.def Info: ./my-chapters/my-images/logo_DEE.png  used on input li
ne 37.
(pdftex.def)             Requested size: 9.676pt x 9.58012pt.
[43 <./my-chapters/my-diagrams/Question7/a_non_ideal_module_q7.png>]
<./my-chapters/my-images/Question7/datasheet.png, id=648, 711.4078pt x 550.3059
4pt>
File: ./my-chapters/my-images/Question7/datasheet.png Graphic file (type png)
<use ./my-chapters/my-images/Question7/datasheet.png>
Package pdftex.def Info: ./my-chapters/my-images/Question7/datasheet.png  used 
on input line 65.
(pdftex.def)             Requested size: 435.32422pt x 336.75255pt.


File: ./my-chapters/my-images/logo_DEE.png Graphic file (type png)
<use ./my-chapters/my-images/logo_DEE.png>
Package pdftex.def Info: ./my-chapters/my-images/logo_DEE.png  used on input li
ne 68.
(pdftex.def)             Requested size: 9.676pt x 9.58012pt.
[44]
<my-chapters/my-images/Question7/a_mach_thietke.png, id=655, 604.50844pt x 458.
46281pt>
File: my-chapters/my-images/Question7/a_mach_thietke.png Graphic file (type png
)
<use my-chapters/my-images/Question7/a_mach_thietke.png>
Package pdftex.def Info: my-chapters/my-images/Question7/a_mach_thietke.png  us
ed on input line 87.
(pdftex.def)             Requested size: 338.58632pt x 256.78639pt.


File: ./my-chapters/my-images/logo_DEE.png Graphic file (type png)
<use ./my-chapters/my-images/logo_DEE.png>
Package pdftex.def Info: ./my-chapters/my-images/logo_DEE.png  used on input li
ne 90.
(pdftex.def)             Requested size: 9.676pt x 9.58012pt.
[45 <./my-chapters/my-images/Question7/datasheet.png>]
<my-chapters/my-images/Question7/a_dcSeep.png, id=663, 1012.5328pt x 506.6428pt
>
File: my-chapters/my-images/Question7/a_dcSeep.png Graphic file (type png)
<use my-chapters/my-images/Question7/a_dcSeep.png>
Package pdftex.def Info: my-chapters/my-images/Question7/a_dcSeep.png  used on 
input line 95.
(pdftex.def)             Requested size: 338.58632pt x 169.4191pt.
<my-chapters/my-images/Question7/b_dcsweep_hinh.png, id=664, 1443.89438pt x 699
.36281pt>
File: my-chapters/my-images/Question7/b_dcsweep_hinh.png Graphic file (type png
)
<use my-chapters/my-images/Question7/b_dcsweep_hinh.png>
Package pdftex.def Info: my-chapters/my-images/Question7/b_dcsweep_hinh.png  us
ed on input line 103.
(pdftex.def)             Requested size: 483.69687pt x 234.27998pt.


File: ./my-chapters/my-images/logo_DEE.png Graphic file (type png)
<use ./my-chapters/my-images/logo_DEE.png>
Package pdftex.def Info: ./my-chapters/my-images/logo_DEE.png  used on input li
ne 106.
(pdftex.def)             Requested size: 9.676pt x 9.58012pt.
[46 <./my-chapters/my-images/Question7/a_mach_thietke.png> <./my-chapters/my-im
ages/Question7/a_dcSeep.png>]
<./my-chapters/my-images/Question7/saiso.png, id=674, 612.78937pt x 611.28375pt
>
File: ./my-chapters/my-images/Question7/saiso.png Graphic file (type png)
<use ./my-chapters/my-images/Question7/saiso.png>
Package pdftex.def Info: ./my-chapters/my-images/Question7/saiso.png  used on i
nput line 112.
(pdftex.def)             Requested size: 241.84843pt x 241.25389pt.

Underfull \hbox (badness 10000) in paragraph at lines 119--120
[]\T5/cmr/m/n/12 Gi� tr� [] v�
 []


Underfull \hbox (badness 10000) in paragraph at lines 120--121
[]\T5/cmr/m/n/12 Sai s� � ng� ra r�i v�o
 []


Underfull \hbox (badness 10000) in paragraph at lines 120--121
\T5/cmr/m/n/12 t�m [] v�
 []

)
Overfull \hbox (31.06323pt too wide) in paragraph at lines 109--81
[]$[]$ $[]$ 
 []



File: ./my-chapters/my-images/logo_DEE.png Graphic file (type png)
<use ./my-chapters/my-images/logo_DEE.png>
Package pdftex.def Info: ./my-chapters/my-images/logo_DEE.png  used on input li
ne 81.
(pdftex.def)             Requested size: 9.676pt x 9.58012pt.
[47 <./my-chapters/my-images/Question7/b_dcsweep_hinh.png> <./my-chapters/my-im
ages/Question7/saiso.png>]
\openout2 = `./my-chapters/Question8.aux'.

 (my-chapters/Question8.tex

Package hyperref Warning: The anchor of a bookmark and its parent's must not
(hyperref)                be the same. Added a new anchor on input line 5.

<./my-chapters/my-images/Question8/debai.png, id=683, 873.2625pt x 469.755pt>
File: ./my-chapters/my-images/Question8/debai.png Graphic file (type png)
<use ./my-chapters/my-images/Question8/debai.png>
Package pdftex.def Info: ./my-chapters/my-images/Question8/debai.png  used on i
nput line 10.
(pdftex.def)             Requested size: 241.84843pt x 130.09692pt.

Overfull \hbox (31.06323pt too wide) in paragraph at lines 7--17
[]$[]$ $[]$ 
 []

<./my-chapters/my-diagrams/Question8/mach_tong.png, id=684, 934.49126pt x 1066.
98625pt>
File: ./my-chapters/my-diagrams/Question8/mach_tong.png Graphic file (type png)

<use ./my-chapters/my-diagrams/Question8/mach_tong.png>
Package pdftex.def Info: ./my-chapters/my-diagrams/Question8/mach_tong.png  use
d on input line 22.
(pdftex.def)             Requested size: 386.95897pt x 441.83047pt.


File: ./my-chapters/my-images/logo_DEE.png Graphic file (type png)
<use ./my-chapters/my-images/logo_DEE.png>
Package pdftex.def Info: ./my-chapters/my-images/logo_DEE.png  used on input li
ne 25.
(pdftex.def)             Requested size: 9.676pt x 9.58012pt.
[48



 <./my-chapters/my-images/Question8/debai.png>]
LaTeX Font Info:    Calculating math sizes for size <13> on input line 32.
<./my-chapters/my-diagrams/Question8/vref_schematric.png, id=692, 622.325pt x 5
24.96124pt>
File: ./my-chapters/my-diagrams/Question8/vref_schematric.png Graphic file (typ
e png)
<use ./my-chapters/my-diagrams/Question8/vref_schematric.png>
Package pdftex.def Info: ./my-chapters/my-diagrams/Question8/vref_schematric.pn
g  used on input line 36.
(pdftex.def)             Requested size: 386.95897pt x 326.41782pt.


File: ./my-chapters/my-images/logo_DEE.png Graphic file (type png)
<use ./my-chapters/my-images/logo_DEE.png>
Package pdftex.def Info: ./my-chapters/my-images/logo_DEE.png  used on input li
ne 39.
(pdftex.def)             Requested size: 9.676pt x 9.58012pt.
[49 <./my-chapters/my-diagrams/Question8/mach_tong.png>]
<./my-chapters/my-images/Question8/a_find_V_i_Vref.png, id=700, 698.61pt x 426.
09187pt>
File: ./my-chapters/my-images/Question8/a_find_V_i_Vref.png Graphic file (type 
png)
<use ./my-chapters/my-images/Question8/a_find_V_i_Vref.png>
Package pdftex.def Info: ./my-chapters/my-images/Question8/a_find_V_i_Vref.png 
 used on input line 49.
(pdftex.def)             Requested size: 386.95897pt x 236.01566pt.


File: ./my-chapters/my-images/logo_DEE.png Graphic file (type png)
<use ./my-chapters/my-images/logo_DEE.png>
Package pdftex.def Info: ./my-chapters/my-images/logo_DEE.png  used on input li
ne 52.
(pdftex.def)             Requested size: 9.676pt x 9.58012pt.
[50 <./my-chapters/my-diagrams/Question8/vref_schematric.png>]
<./my-chapters/my-images/Question8/a_result_V_i_Vref.png, id=709, 841.64438pt x
 447.17062pt>
File: ./my-chapters/my-images/Question8/a_result_V_i_Vref.png Graphic file (typ
e png)
<use ./my-chapters/my-images/Question8/a_result_V_i_Vref.png>
Package pdftex.def Info: ./my-chapters/my-images/Question8/a_result_V_i_Vref.pn
g  used on input line 57.
(pdftex.def)             Requested size: 386.95897pt x 205.5918pt.
<my-chapters/my-images/Question8/b_mach_thiet_ke.png, id=710, 653.44125pt x 481
.04718pt>
File: my-chapters/my-images/Question8/b_mach_thiet_ke.png Graphic file (type pn
g)
<use my-chapters/my-images/Question8/b_mach_thiet_ke.png>
Package pdftex.def Info: my-chapters/my-images/Question8/b_mach_thiet_ke.png  u
sed on input line 66.
(pdftex.def)             Requested size: 338.58632pt x 249.25781pt.


File: ./my-chapters/my-images/logo_DEE.png Graphic file (type png)
<use ./my-chapters/my-images/logo_DEE.png>
Package pdftex.def Info: ./my-chapters/my-images/logo_DEE.png  used on input li
ne 69.
(pdftex.def)             Requested size: 9.676pt x 9.58012pt.
[51 <./my-chapters/my-images/Question8/a_find_V_i_Vref.png> <./my-chapters/my-i
mages/Question8/a_result_V_i_Vref.png>]
<my-chapters/my-images/Question8/b_dc_sweep.png, id=720, 1254.93843pt x 492.339
37pt>
File: my-chapters/my-images/Question8/b_dc_sweep.png Graphic file (type png)
<use my-chapters/my-images/Question8/b_dc_sweep.png>
Package pdftex.def Info: my-chapters/my-images/Question8/b_dc_sweep.png  used o
n input line 74.
(pdftex.def)             Requested size: 338.58632pt x 132.83574pt.
<my-chapters/my-images/Question8/b_ketqua_dc_sweep.png, id=721, 1444.64719pt x 
698.61pt>
File: my-chapters/my-images/Question8/b_ketqua_dc_sweep.png Graphic file (type 
png)
<use my-chapters/my-images/Question8/b_ketqua_dc_sweep.png>
Package pdftex.def Info: my-chapters/my-images/Question8/b_ketqua_dc_sweep.png 
 used on input line 82.
(pdftex.def)             Requested size: 483.69687pt x 233.91054pt.


File: ./my-chapters/my-images/logo_DEE.png Graphic file (type png)
<use ./my-chapters/my-images/logo_DEE.png>
Package pdftex.def Info: ./my-chapters/my-images/logo_DEE.png  used on input li
ne 85.
(pdftex.def)             Requested size: 9.676pt x 9.58012pt.
[52 <./my-chapters/my-images/Question8/b_mach_thiet_ke.png> <./my-chapters/my-i
mages/Question8/b_dc_sweep.png>]
<./my-chapters/my-images/Question8/b_saiso.png, id=731, 659.46375pt x 610.53094
pt>
File: ./my-chapters/my-images/Question8/b_saiso.png Graphic file (type png)
<use ./my-chapters/my-images/Question8/b_saiso.png>
Package pdftex.def Info: ./my-chapters/my-images/Question8/b_saiso.png  used on
 input line 91.
(pdftex.def)             Requested size: 241.84843pt x 223.89929pt.

Underfull \hbox (badness 2080) in paragraph at lines 98--99
[]\T5/cmr/m/n/12 Gi� tr� [] v�
 []


Underfull \hbox (badness 10000) in paragraph at lines 99--100
[]\T5/cmr/m/n/12 Sai s� � ng� ra r�i v�o t�m
 []


Underfull \hbox (badness 10000) in paragraph at lines 99--100
[] \T5/cmr/m/n/12 v�
 []

)
Overfull \hbox (31.06323pt too wide) in paragraph at lines 88--82
[]$[]$ $[]$ 
 []



File: ./my-chapters/my-images/logo_DEE.png Graphic file (type png)
<use ./my-chapters/my-images/logo_DEE.png>
Package pdftex.def Info: ./my-chapters/my-images/logo_DEE.png  used on input li
ne 82.
(pdftex.def)             Requested size: 9.676pt x 9.58012pt.
[53 <./my-chapters/my-images/Question8/b_ketqua_dc_sweep.png> <./my-chapters/my
-images/Question8/b_saiso.png>]
\openout2 = `./my-chapters/Question9.aux'.

 (my-chapters/Question9.tex

Package hyperref Warning: The anchor of a bookmark and its parent's must not
(hyperref)                be the same. Added a new anchor on input line 5.

<./my-chapters/my-images/Question9/debai.png, id=740, 879.285pt x 345.54094pt>
File: ./my-chapters/my-images/Question9/debai.png Graphic file (type png)
<use ./my-chapters/my-images/Question9/debai.png>
Package pdftex.def Info: ./my-chapters/my-images/Question9/debai.png  used on i
nput line 10.
(pdftex.def)             Requested size: 241.84843pt x 95.03723pt.

Overfull \hbox (31.06323pt too wide) in paragraph at lines 7--20
[]$[]$ $[]$ 
 []

<./my-chapters/my-diagrams/Question9/v_i_converter.png, id=743, 933.4875pt x 81
9.06pt>
File: ./my-chapters/my-diagrams/Question9/v_i_converter.png Graphic file (type 
png)
<use ./my-chapters/my-diagrams/Question9/v_i_converter.png>
Package pdftex.def Info: ./my-chapters/my-diagrams/Question9/v_i_converter.png 
 used on input line 26.
(pdftex.def)             Requested size: 386.95897pt x 339.52863pt.


File: ./my-chapters/my-images/logo_DEE.png Graphic file (type png)
<use ./my-chapters/my-images/logo_DEE.png>
Package pdftex.def Info: ./my-chapters/my-images/logo_DEE.png  used on input li
ne 29.
(pdftex.def)             Requested size: 9.676pt x 9.58012pt.
[54



 <./my-chapters/my-images/Question9/debai.png>]

File: ./my-chapters/my-images/logo_DEE.png Graphic file (type png)
<use ./my-chapters/my-images/logo_DEE.png>
Package pdftex.def Info: ./my-chapters/my-images/logo_DEE.png  used on input li
ne 45.
(pdftex.def)             Requested size: 9.676pt x 9.58012pt.
[55 <./my-chapters/my-diagrams/Question9/v_i_converter.png>]
<./my-chapters/my-images/Question9/MOSFET_quick_datasheet.png, id=770, 1051.679
06pt x 331.2375pt>
File: ./my-chapters/my-images/Question9/MOSFET_quick_datasheet.png Graphic file
 (type png)
<use ./my-chapters/my-images/Question9/MOSFET_quick_datasheet.png>
Package pdftex.def Info: ./my-chapters/my-images/Question9/MOSFET_quick_datashe
et.png  used on input line 67.
(pdftex.def)             Requested size: 338.58632pt x 106.64005pt.
<./my-chapters/my-images/Question9/MOSFET_V_th.png, id=771, 1023.825pt x 519.44
063pt>
File: ./my-chapters/my-images/Question9/MOSFET_V_th.png Graphic file (type png)

<use ./my-chapters/my-images/Question9/MOSFET_V_th.png>
Package pdftex.def Info: ./my-chapters/my-images/Question9/MOSFET_V_th.png  use
d on input line 68.
(pdftex.def)             Requested size: 338.58632pt x 171.78053pt.
<./my-chapters/my-images/Question9/MOSFET_sododactinh.png, id=772, 1006.51031pt
 x 470.50781pt>
File: ./my-chapters/my-images/Question9/MOSFET_sododactinh.png Graphic file (ty
pe png)
<use ./my-chapters/my-images/Question9/MOSFET_sododactinh.png>
Package pdftex.def Info: ./my-chapters/my-images/Question9/MOSFET_sododactinh.p
ng  used on input line 69.
(pdftex.def)             Requested size: 338.58632pt x 158.2762pt.


File: ./my-chapters/my-images/logo_DEE.png Graphic file (type png)
<use ./my-chapters/my-images/logo_DEE.png>
Package pdftex.def Info: ./my-chapters/my-images/logo_DEE.png  used on input li
ne 72.
(pdftex.def)             Requested size: 9.676pt x 9.58012pt.
[56]

File: ./my-chapters/my-images/logo_DEE.png Graphic file (type png)
<use ./my-chapters/my-images/logo_DEE.png>
Package pdftex.def Info: ./my-chapters/my-images/logo_DEE.png  used on input li
ne 78.
(pdftex.def)             Requested size: 9.676pt x 9.58012pt.
[57 <./my-chapters/my-images/Question9/MOSFET_quick_datasheet.png> <./my-chapte
rs/my-images/Question9/MOSFET_V_th.png> <./my-chapters/my-images/Question9/MOSF
ET_sododactinh.png>]

pdfTeX warning: pdflatex.exe (file ./my-chapters/my-diagrams/Question9/opa2333_
noise_V_I.pdf): PDF inclusion: found PDF version <1.7>, but at most version <1.
5> allowed
<./my-chapters/my-diagrams/Question9/opa2333_noise_V_I.pdf, id=790, 508.90125pt
 x 242.78203pt>
File: ./my-chapters/my-diagrams/Question9/opa2333_noise_V_I.pdf Graphic file (t
ype pdf)
<use ./my-chapters/my-diagrams/Question9/opa2333_noise_V_I.pdf>
Package pdftex.def Info: ./my-chapters/my-diagrams/Question9/opa2333_noise_V_I.
pdf  used on input line 92.
(pdftex.def)             Requested size: 435.32422pt x 207.68822pt.
<my-chapters/my-images/Question9/b_mach_mo_phong.png, id=791, 488.57532pt x 446
.41782pt>
File: my-chapters/my-images/Question9/b_mach_mo_phong.png Graphic file (type pn
g)
<use my-chapters/my-images/Question9/b_mach_mo_phong.png>
Package pdftex.def Info: my-chapters/my-images/Question9/b_mach_mo_phong.png  u
sed on input line 112.
(pdftex.def)             Requested size: 338.58632pt x 309.37735pt.


File: ./my-chapters/my-images/logo_DEE.png Graphic file (type png)
<use ./my-chapters/my-images/logo_DEE.png>
Package pdftex.def Info: ./my-chapters/my-images/logo_DEE.png  used on input li
ne 115.
(pdftex.def)             Requested size: 9.676pt x 9.58012pt.
[58 <./my-chapters/my-diagrams/Question9/opa2333_noise_V_I.pdf>]
<my-chapters/my-images/Question9/b_dcsweep.png, id=812, 1088.56688pt x 487.8225
pt>
File: my-chapters/my-images/Question9/b_dcsweep.png Graphic file (type png)
<use my-chapters/my-images/Question9/b_dcsweep.png>
Package pdftex.def Info: my-chapters/my-images/Question9/b_dcsweep.png  used on
 input line 120.
(pdftex.def)             Requested size: 338.58632pt x 151.72957pt.
<my-chapters/my-images/Question9/c_ketqua.png, id=813, 1444.64719pt x 702.37407
pt>
File: my-chapters/my-images/Question9/c_ketqua.png Graphic file (type png)
<use my-chapters/my-images/Question9/c_ketqua.png>
Package pdftex.def Info: my-chapters/my-images/Question9/c_ketqua.png  used on 
input line 128.
(pdftex.def)             Requested size: 483.69687pt x 235.17084pt.


File: ./my-chapters/my-images/logo_DEE.png Graphic file (type png)
<use ./my-chapters/my-images/logo_DEE.png>
Package pdftex.def Info: ./my-chapters/my-images/logo_DEE.png  used on input li
ne 130.
(pdftex.def)             Requested size: 9.676pt x 9.58012pt.
[59 <./my-chapters/my-images/Question9/b_mach_mo_phong.png> <./my-chapters/my-i
mages/Question9/b_dcsweep.png>]
<./my-chapters/my-images/Question9/c_saiso.png, id=823, 625.58719pt x 578.16pt>

File: ./my-chapters/my-images/Question9/c_saiso.png Graphic file (type png)
<use ./my-chapters/my-images/Question9/c_saiso.png>
Package pdftex.def Info: ./my-chapters/my-images/Question9/c_saiso.png  used on
 input line 137.
(pdftex.def)             Requested size: 241.84843pt x 223.51418pt.

Underfull \hbox (badness 10000) in paragraph at lines 144--145
[]\T5/cmr/m/n/12 Gi� tr� [] v�
 []


Underfull \hbox (badness 10000) in paragraph at lines 145--146
[]\T5/cmr/m/n/12 Sai s� � ng� ra r�i v�o
 []


Underfull \hbox (badness 10000) in paragraph at lines 145--146
\T5/cmr/m/n/12 t�m [] v�
 []

)
Overfull \hbox (31.06323pt too wide) in paragraph at lines 134--83
[]$[]$ $[]$ 
 []



File: ./my-chapters/my-images/logo_DEE.png Graphic file (type png)
<use ./my-chapters/my-images/logo_DEE.png>
Package pdftex.def Info: ./my-chapters/my-images/logo_DEE.png  used on input li
ne 83.
(pdftex.def)             Requested size: 9.676pt x 9.58012pt.
[60 <./my-chapters/my-images/Question9/c_ketqua.png> <./my-chapters/my-images/Q
uestion9/c_saiso.png>]
\openout2 = `./my-chapters/Question10.aux'.

 (my-chapters/Question10.tex

Package hyperref Warning: The anchor of a bookmark and its parent's must not
(hyperref)                be the same. Added a new anchor on input line 5.

<./my-chapters/my-images/Question10/C10_Hình1.png, id=832, 404.10976pt x 151.7
67pt>
File: ./my-chapters/my-images/Question10/C10_Hình1.png Graphic file (type png)

<use ./my-chapters/my-images/Question10/C10_Hình1.png>
Package pdftex.def Info: ./my-chapters/my-images/Question10/C10_Hình1.png  use
d on input line 11.
(pdftex.def)             Requested size: 483.69687pt x 181.66327pt.


File: ./my-chapters/my-images/logo_DEE.png Graphic file (type png)
<use ./my-chapters/my-images/logo_DEE.png>
Package pdftex.def Info: ./my-chapters/my-images/logo_DEE.png  used on input li
ne 27.
(pdftex.def)             Requested size: 9.676pt x 9.58012pt.
[61



 <./my-chapters/my-images/Question10/C10_Hình1.png>]
<./my-chapters/my-images/Question10/C10_Hình2.png, id=839, 386.04225pt x 402.3
03pt>
File: ./my-chapters/my-images/Question10/C10_Hình2.png Graphic file (type png)

<use ./my-chapters/my-images/Question10/C10_Hình2.png>
Package pdftex.def Info: ./my-chapters/my-images/Question10/C10_Hình2.png  use
d on input line 50.
(pdftex.def)             Requested size: 483.69687pt x 504.08067pt.
)

File: ./my-chapters/my-images/logo_DEE.png Graphic file (type png)
<use ./my-chapters/my-images/logo_DEE.png>
Package pdftex.def Info: ./my-chapters/my-images/logo_DEE.png  used on input li
ne 84.
(pdftex.def)             Requested size: 9.676pt x 9.58012pt.
[62]

File: ./my-chapters/my-images/logo_DEE.png Graphic file (type png)
<use ./my-chapters/my-images/logo_DEE.png>
Package pdftex.def Info: ./my-chapters/my-images/logo_DEE.png  used on input li
ne 84.
(pdftex.def)             Requested size: 9.676pt x 9.58012pt.
[63 <./my-chapters/my-images/Question10/C10_Hình2.png>]
\openout2 = `./my-chapters/Question11.aux'.


(my-chapters/Question11.tex
<./my-chapters/my-images/Question11/debai_6a.png, id=853, 251.43938pt x 206.270
63pt>
File: ./my-chapters/my-images/Question11/debai_6a.png Graphic file (type png)
<use ./my-chapters/my-images/Question11/debai_6a.png>
Package pdftex.def Info: ./my-chapters/my-images/Question11/debai_6a.png  used 
on input line 9.
(pdftex.def)             Requested size: 241.84843pt x 198.40152pt.
<./my-chapters/my-images/Question11/debai_6b.png, id=854, 239.39438pt x 218.315
63pt>
File: ./my-chapters/my-images/Question11/debai_6b.png Graphic file (type png)
<use ./my-chapters/my-images/Question11/debai_6b.png>
Package pdftex.def Info: ./my-chapters/my-images/Question11/debai_6b.png  used 
on input line 17.
(pdftex.def)             Requested size: 241.84843pt x 220.55365pt.

Overfull \hbox (31.06323pt too wide) in paragraph at lines 6--22
[]$[]$ $[]$ 
 []

File: ./my-chapters/my-images/Question11/debai_6a.png Graphic file (type png)
<use ./my-chapters/my-images/Question11/debai_6a.png>
Package pdftex.def Info: ./my-chapters/my-images/Question11/debai_6a.png  used 
on input line 27.
(pdftex.def)             Requested size: 193.47578pt x 158.7187pt.
<./my-chapters/my-images/Question11/C11_Hình2.png, id=855, 587.19376pt x 357.5
8594pt>
File: ./my-chapters/my-images/Question11/C11_Hình2.png Graphic file (type png)

<use ./my-chapters/my-images/Question11/C11_Hình2.png>
Package pdftex.def Info: ./my-chapters/my-images/Question11/C11_Hình2.png  use
d on input line 35.
(pdftex.def)             Requested size: 435.32422pt x 265.10051pt.


File: ./my-chapters/my-images/logo_DEE.png Graphic file (type png)
<use ./my-chapters/my-images/logo_DEE.png>
Package pdftex.def Info: ./my-chapters/my-images/logo_DEE.png  used on input li
ne 38.
(pdftex.def)             Requested size: 9.676pt x 9.58012pt.
[64



 <./my-chapters/my-images/Question11/debai_6a.png> <./my-chapters/my-images/Que
stion11/debai_6b.png>]
Underfull \hbox (badness 10000) in paragraph at lines 44--49

 []


Underfull \hbox (badness 10000) in paragraph at lines 50--56

 []



File: ./my-chapters/my-images/logo_DEE.png Graphic file (type png)
<use ./my-chapters/my-images/logo_DEE.png>
Package pdftex.def Info: ./my-chapters/my-images/logo_DEE.png  used on input li
ne 57.
(pdftex.def)             Requested size: 9.676pt x 9.58012pt.
[65 <./my-chapters/my-images/Question11/C11_Hình2.png>]
<./my-chapters/my-images/Question11/C11_Hình3.png, id=872, 998.22937pt x 412.5
4124pt>
File: ./my-chapters/my-images/Question11/C11_Hình3.png Graphic file (type png)

<use ./my-chapters/my-images/Question11/C11_Hình3.png>
Package pdftex.def Info: ./my-chapters/my-images/Question11/C11_Hình3.png  use
d on input line 63.
(pdftex.def)             Requested size: 435.32422pt x 179.90721pt.
File: ./my-chapters/my-images/Question11/debai_6b.png Graphic file (type png)
<use ./my-chapters/my-images/Question11/debai_6b.png>
Package pdftex.def Info: ./my-chapters/my-images/Question11/debai_6b.png  used 
on input line 71.
(pdftex.def)             Requested size: 193.47578pt x 176.44159pt.
<./my-chapters/my-images/Question11/C11_Hình5.png, id=873, 648.17157pt x 304.1
3625pt>
File: ./my-chapters/my-images/Question11/C11_Hình5.png Graphic file (type png)

<use ./my-chapters/my-images/Question11/C11_Hình5.png>
Package pdftex.def Info: ./my-chapters/my-images/Question11/C11_Hình5.png  use
d on input line 79.
(pdftex.def)             Requested size: 435.32422pt x 204.26678pt.


File: ./my-chapters/my-images/logo_DEE.png Graphic file (type png)
<use ./my-chapters/my-images/logo_DEE.png>
Package pdftex.def Info: ./my-chapters/my-images/logo_DEE.png  used on input li
ne 82.
(pdftex.def)             Requested size: 9.676pt x 9.58012pt.
[66 <./my-chapters/my-images/Question11/C11_Hình3.png>]
Underfull \hbox (badness 10000) in paragraph at lines 96--101

 []


Underfull \hbox (badness 10000) in paragraph at lines 102--107

 []



File: ./my-chapters/my-images/logo_DEE.png Graphic file (type png)
<use ./my-chapters/my-images/logo_DEE.png>
Package pdftex.def Info: ./my-chapters/my-images/logo_DEE.png  used on input li
ne 107.
(pdftex.def)             Requested size: 9.676pt x 9.58012pt.
[67 <./my-chapters/my-images/Question11/C11_Hình5.png>]
<./my-chapters/my-images/Question11/C11_Hình6.png, id=888, 1154.06157pt x 435.
87843pt>
File: ./my-chapters/my-images/Question11/C11_Hình6.png Graphic file (type png)

<use ./my-chapters/my-images/Question11/C11_Hình6.png>
Package pdftex.def Info: ./my-chapters/my-images/Question11/C11_Hình6.png  use
d on input line 114.
(pdftex.def)             Requested size: 435.32422pt x 164.4184pt.
)

File: ./my-chapters/my-images/logo_DEE.png Graphic file (type png)
<use ./my-chapters/my-images/logo_DEE.png>
Package pdftex.def Info: ./my-chapters/my-images/logo_DEE.png  used on input li
ne 85.
(pdftex.def)             Requested size: 9.676pt x 9.58012pt.
[68 <./my-chapters/my-images/Question11/C11_Hình6.png>]
\openout2 = `./my-chapters/Question12.aux'.


(my-chapters/Question12.tex
<./my-chapters/my-images/Question12/debai_12a.png, id=895, 342.5297pt x 273.270
94pt>
File: ./my-chapters/my-images/Question12/debai_12a.png Graphic file (type png)
<use ./my-chapters/my-images/Question12/debai_12a.png>
Package pdftex.def Info: ./my-chapters/my-images/Question12/debai_12a.png  used
 on input line 8.
(pdftex.def)             Requested size: 241.84843pt x 192.95207pt.
<./my-chapters/my-images/Question12/debai_12b.png, id=896, 435.12563pt x 273.27
094pt>
File: ./my-chapters/my-images/Question12/debai_12b.png Graphic file (type png)
<use ./my-chapters/my-images/Question12/debai_12b.png>
Package pdftex.def Info: ./my-chapters/my-images/Question12/debai_12b.png  used
 on input line 15.
(pdftex.def)             Requested size: 241.84843pt x 151.89232pt.

Overfull \hbox (31.06323pt too wide) in paragraph at lines 5--19
[]$[]$ $[]$ 
 []

<./my-chapters/my-images/Question12/C12_Hình1.png, id=897, 830.35219pt x 417.8
1094pt>
File: ./my-chapters/my-images/Question12/C12_Hình1.png Graphic file (type png)

<use ./my-chapters/my-images/Question12/C12_Hình1.png>
Package pdftex.def Info: ./my-chapters/my-images/Question12/C12_Hình1.png  use
d on input line 46.
(pdftex.def)             Requested size: 435.32422pt x 219.04164pt.


File: ./my-chapters/my-images/logo_DEE.png Graphic file (type png)
<use ./my-chapters/my-images/logo_DEE.png>
Package pdftex.def Info: ./my-chapters/my-images/logo_DEE.png  used on input li
ne 49.
(pdftex.def)             Requested size: 9.676pt x 9.58012pt.
[69



 <./my-chapters/my-images/Question12/debai_12a.png> <./my-chapters/my-images/Qu
estion12/debai_12b.png>]
<./my-chapters/my-images/Question12/C12_Hình2.png, id=907, 1117.92656pt x 469.
00218pt>
File: ./my-chapters/my-images/Question12/C12_Hình2.png Graphic file (type png)

<use ./my-chapters/my-images/Question12/C12_Hình2.png>
Package pdftex.def Info: ./my-chapters/my-images/Question12/C12_Hình2.png  use
d on input line 54.
(pdftex.def)             Requested size: 386.95897pt x 162.34265pt.


File: ./my-chapters/my-images/logo_DEE.png Graphic file (type png)
<use ./my-chapters/my-images/logo_DEE.png>
Package pdftex.def Info: ./my-chapters/my-images/logo_DEE.png  used on input li
ne 63.
(pdftex.def)             Requested size: 9.676pt x 9.58012pt.
[70 <./my-chapters/my-images/Question12/C12_Hình1.png> <./my-chapters/my-image
s/Question12/C12_Hình2.png>]
<./my-chapters/my-images/Question12/C12_Hình3.png, id=916, 828.84656pt x 440.3
9531pt>
File: ./my-chapters/my-images/Question12/C12_Hình3.png Graphic file (type png)

<use ./my-chapters/my-images/Question12/C12_Hình3.png>
Package pdftex.def Info: ./my-chapters/my-images/Question12/C12_Hình3.png  use
d on input line 67.
(pdftex.def)             Requested size: 435.32422pt x 231.29836pt.
<./my-chapters/my-images/Question12/C12_Hình4.png, id=917, 1036.62282pt x 436.
63126pt>
File: ./my-chapters/my-images/Question12/C12_Hình4.png Graphic file (type png)

<use ./my-chapters/my-images/Question12/C12_Hình4.png>
Package pdftex.def Info: ./my-chapters/my-images/Question12/C12_Hình4.png  use
d on input line 75.
(pdftex.def)             Requested size: 386.95897pt x 162.99011pt.
)

File: ./my-chapters/my-images/logo_DEE.png Graphic file (type png)
<use ./my-chapters/my-images/logo_DEE.png>
Package pdftex.def Info: ./my-chapters/my-images/logo_DEE.png  used on input li
ne 86.
(pdftex.def)             Requested size: 9.676pt x 9.58012pt.
[71 <./my-chapters/my-images/Question12/C12_Hình3.png> <./my-chapters/my-image
s/Question12/C12_Hình4.png>]
\openout2 = `./my-chapters/Question13.aux'.

 (my-chapters/Question13.tex
<./my-chapters/my-images/Question13/debai_13a.png, id=926, 362.85562pt x 261.22
594pt>
File: ./my-chapters/my-images/Question13/debai_13a.png Graphic file (type png)
<use ./my-chapters/my-images/Question13/debai_13a.png>
Package pdftex.def Info: ./my-chapters/my-images/Question13/debai_13a.png  used
 on input line 8.
(pdftex.def)             Requested size: 217.66211pt x 156.70088pt.
<./my-chapters/my-images/Question13/debai_13b.png, id=927, 401.24907pt x 261.22
594pt>
File: ./my-chapters/my-images/Question13/debai_13b.png Graphic file (type png)
<use ./my-chapters/my-images/Question13/debai_13b.png>
Package pdftex.def Info: ./my-chapters/my-images/Question13/debai_13b.png  used
 on input line 15.
(pdftex.def)             Requested size: 241.84843pt x 157.45424pt.

Overfull \hbox (31.06323pt too wide) in paragraph at lines 5--19
[]$[]$ $[]$ 
 []

<./my-chapters/my-images/Question13/C13_Hình1.png, id=928, 852.18375pt x 417.8
1094pt>
File: ./my-chapters/my-images/Question13/C13_Hình1.png Graphic file (type png)

<use ./my-chapters/my-images/Question13/C13_Hình1.png>
Package pdftex.def Info: ./my-chapters/my-images/Question13/C13_Hình1.png  use
d on input line 43.
(pdftex.def)             Requested size: 435.32422pt x 213.43777pt.


File: ./my-chapters/my-images/logo_DEE.png Graphic file (type png)
<use ./my-chapters/my-images/logo_DEE.png>
Package pdftex.def Info: ./my-chapters/my-images/logo_DEE.png  used on input li
ne 46.
(pdftex.def)             Requested size: 9.676pt x 9.58012pt.
[72



 <./my-chapters/my-images/Question13/debai_13a.png> <./my-chapters/my-images/Qu
estion13/debai_13b.png>]
<./my-chapters/my-images/Question13/C13_Hình2.png, id=937, 1066.7353pt x 425.3
3907pt>
File: ./my-chapters/my-images/Question13/C13_Hình2.png Graphic file (type png)

<use ./my-chapters/my-images/Question13/C13_Hình2.png>
Package pdftex.def Info: ./my-chapters/my-images/Question13/C13_Hình2.png  use
d on input line 53.
(pdftex.def)             Requested size: 435.32422pt x 173.57887pt.


File: ./my-chapters/my-images/logo_DEE.png Graphic file (type png)
<use ./my-chapters/my-images/logo_DEE.png>
Package pdftex.def Info: ./my-chapters/my-images/logo_DEE.png  used on input li
ne 60.
(pdftex.def)             Requested size: 9.676pt x 9.58012pt.
[73 <./my-chapters/my-images/Question13/C13_Hình1.png> <./my-chapters/my-image
s/Question13/C13_Hình2.png>]
<./my-chapters/my-images/Question13/C13_Hình3.png, id=946, 960.58875pt x 451.6
875pt>
File: ./my-chapters/my-images/Question13/C13_Hình3.png Graphic file (type png)

<use ./my-chapters/my-images/Question13/C13_Hình3.png>
Package pdftex.def Info: ./my-chapters/my-images/Question13/C13_Hình3.png  use
d on input line 66.
(pdftex.def)             Requested size: 435.32422pt x 204.69795pt.
<./my-chapters/my-images/Question13/C13_Hình4.png, id=947, 1085.55562pt x 397.
485pt>
File: ./my-chapters/my-images/Question13/C13_Hình4.png Graphic file (type png)

<use ./my-chapters/my-images/Question13/C13_Hình4.png>
Package pdftex.def Info: ./my-chapters/my-images/Question13/C13_Hình4.png  use
d on input line 74.
(pdftex.def)             Requested size: 386.95897pt x 141.68738pt.
)

File: ./my-chapters/my-images/logo_DEE.png Graphic file (type png)
<use ./my-chapters/my-images/logo_DEE.png>
Package pdftex.def Info: ./my-chapters/my-images/logo_DEE.png  used on input li
ne 87.
(pdftex.def)             Requested size: 9.676pt x 9.58012pt.
[74 <./my-chapters/my-images/Question13/C13_Hình3.png>]

File: ./my-chapters/my-images/logo_DEE.png Graphic file (type png)
<use ./my-chapters/my-images/logo_DEE.png>
Package pdftex.def Info: ./my-chapters/my-images/logo_DEE.png  used on input li
ne 87.
(pdftex.def)             Requested size: 9.676pt x 9.58012pt.
[75 <./my-chapters/my-images/Question13/C13_Hình4.png>]
\openout2 = `./my-chapters/Question14.aux'.


(my-chapters/Question14.tex
<./my-chapters/my-images/Question14/debai.png, id=962, 787.44188pt x 572.1375pt
>
File: ./my-chapters/my-images/Question14/debai.png Graphic file (type png)
<use ./my-chapters/my-images/Question14/debai.png>
Package pdftex.def Info: ./my-chapters/my-images/Question14/debai.png  used on 
input line 7.
(pdftex.def)             Requested size: 483.69687pt x 351.43906pt.
<./my-chapters/my-images/Question14/C14_Hình1.png, id=963, 961.34157pt x 376.4
0625pt>
File: ./my-chapters/my-images/Question14/C14_Hình1.png Graphic file (type png)

<use ./my-chapters/my-images/Question14/C14_Hình1.png>
Package pdftex.def Info: ./my-chapters/my-images/Question14/C14_Hình1.png  use
d on input line 17.
(pdftex.def)             Requested size: 386.95897pt x 151.51324pt.


File: ./my-chapters/my-images/logo_DEE.png Graphic file (type png)
<use ./my-chapters/my-images/logo_DEE.png>
Package pdftex.def Info: ./my-chapters/my-images/logo_DEE.png  used on input li
ne 20.
(pdftex.def)             Requested size: 9.676pt x 9.58012pt.
[76



 <./my-chapters/my-images/Question14/debai.png>]
<./my-chapters/my-images/Question14/C14_Hình2.png, id=970, 1152.55594pt x 435.
87843pt>
File: ./my-chapters/my-images/Question14/C14_Hình2.png Graphic file (type png)

<use ./my-chapters/my-images/Question14/C14_Hình2.png>
Package pdftex.def Info: ./my-chapters/my-images/Question14/C14_Hình2.png  use
d on input line 30.
(pdftex.def)             Requested size: 386.95897pt x 146.34108pt.
<./my-chapters/my-images/Question14/C14_Hình3_1.png, id=971, 189.70876pt x 163
.812pt>
File: ./my-chapters/my-images/Question14/C14_Hình3_1.png Graphic file (type pn
g)
<use ./my-chapters/my-images/Question14/C14_Hình3_1.png>
Package pdftex.def Info: ./my-chapters/my-images/Question14/C14_Hình3_1.png  u
sed on input line 40.
(pdftex.def)             Requested size: 208.95375pt x 180.4337pt.
<./my-chapters/my-images/Question14/C14_Hình3_2.png, id=972, 228.855pt x 177.6
6376pt>
File: ./my-chapters/my-images/Question14/C14_Hình3_2.png Graphic file (type pn
g)
<use ./my-chapters/my-images/Question14/C14_Hình3_2.png>
Package pdftex.def Info: ./my-chapters/my-images/Question14/C14_Hình3_2.png  u
sed on input line 46.
(pdftex.def)             Requested size: 208.95375pt x 162.21916pt.


File: ./my-chapters/my-images/logo_DEE.png Graphic file (type png)
<use ./my-chapters/my-images/logo_DEE.png>
Package pdftex.def Info: ./my-chapters/my-images/logo_DEE.png  used on input li
ne 51.
(pdftex.def)             Requested size: 9.676pt x 9.58012pt.
[77 <./my-chapters/my-images/Question14/C14_Hình1.png> <./my-chapters/my-image
s/Question14/C14_Hình2.png>]
<./my-chapters/my-images/Question14/C14_Hình4.png, id=982, 685.8122pt x 427.59
75pt>
File: ./my-chapters/my-images/Question14/C14_Hình4.png Graphic file (type png)

<use ./my-chapters/my-images/Question14/C14_Hình4.png>
Package pdftex.def Info: ./my-chapters/my-images/Question14/C14_Hình4.png  use
d on input line 56.
(pdftex.def)             Requested size: 386.95897pt x 241.27333pt.
<./my-chapters/my-images/Question14/C14_Hình5.png, id=983, 1027.58907pt x 377.
91188pt>
File: ./my-chapters/my-images/Question14/C14_Hình5.png Graphic file (type png)

<use ./my-chapters/my-images/Question14/C14_Hình5.png>
Package pdftex.def Info: ./my-chapters/my-images/Question14/C14_Hình5.png  use
d on input line 64.
(pdftex.def)             Requested size: 483.69687pt x 177.88962pt.


File: ./my-chapters/my-images/logo_DEE.png Graphic file (type png)
<use ./my-chapters/my-images/logo_DEE.png>
Package pdftex.def Info: ./my-chapters/my-images/logo_DEE.png  used on input li
ne 67.
(pdftex.def)             Requested size: 9.676pt x 9.58012pt.
[78 <./my-chapters/my-images/Question14/C14_Hình3_1.png> <./my-chapters/my-ima
ges/Question14/C14_Hình3_2.png> <./my-chapters/my-images/Question14/C14_Hình4
.png>]
File: ./my-chapters/my-images/Question14/C14_Hình2.png Graphic file (type png)

<use ./my-chapters/my-images/Question14/C14_Hình2.png>
Package pdftex.def Info: ./my-chapters/my-images/Question14/C14_Hình2.png  use
d on input line 70.
(pdftex.def)             Requested size: 483.69687pt x 182.92802pt.
<./my-chapters/my-images/Question14/C14_Hình6.png, id=993, 1240.635pt x 389.95
688pt>
File: ./my-chapters/my-images/Question14/C14_Hình6.png Graphic file (type png)

<use ./my-chapters/my-images/Question14/C14_Hình6.png>
Package pdftex.def Info: ./my-chapters/my-images/Question14/C14_Hình6.png  use
d on input line 77.
(pdftex.def)             Requested size: 483.69687pt x 152.03496pt.


File: ./my-chapters/my-images/logo_DEE.png Graphic file (type png)
<use ./my-chapters/my-images/logo_DEE.png>
Package pdftex.def Info: ./my-chapters/my-images/logo_DEE.png  used on input li
ne 80.
(pdftex.def)             Requested size: 9.676pt x 9.58012pt.
[79 <./my-chapters/my-images/Question14/C14_Hình5.png>])

File: ./my-chapters/my-images/logo_DEE.png Graphic file (type png)
<use ./my-chapters/my-images/logo_DEE.png>
Package pdftex.def Info: ./my-chapters/my-images/logo_DEE.png  used on input li
ne 88.
(pdftex.def)             Requested size: 9.676pt x 9.58012pt.
[80 <./my-chapters/my-images/Question14/C14_Hình6.png>]

enddocument/afterlastpage (AED): lastpage setting LastPage.
runsystem(latexminted cleantemp  --timestamp 20251110141715 FAD58DE7366495DB465
0CFEFAC2FCD61)...disabled (restricted).

(main.aux (my-chapters/Question1.aux) (my-chapters/Question2.aux)
(my-chapters/Question3.aux) (my-chapters/Question4.aux)
(my-chapters/Question5.aux) (my-chapters/Question6.aux)
(my-chapters/Question7.aux) (my-chapters/Question8.aux)
(my-chapters/Question9.aux) (my-chapters/Question10.aux)
(my-chapters/Question11.aux) (my-chapters/Question12.aux)
(my-chapters/Question13.aux) (my-chapters/Question14.aux))
 ***********
LaTeX2e <2025-06-01> patch level 1
L3 programming layer <2025-07-20>
 ***********
Package rerunfilecheck Info: File `main.out' has not changed.
(rerunfilecheck)             Checksum: 3B4FE546381BCF3B03FB5D40FC83F98A;3791.
 ) 
Here is how much of TeX's memory you used:
 33807 strings out of 468134
 697528 string characters out of 5430740
 1161596 words of memory out of 5000000
 61555 multiletter control sequences out of 15000+600000
 672129 words of font info for 138 fonts, out of 8000000 for 9000
 1141 hyphenation exceptions out of 8191
 99i,15n,101p,1065b,923s stack positions out of 10000i,1000n,20000p,200000b,200000s

pdfTeX warning (dest): name{Hfootnote.1} has been referenced but does not exist
, replaced by a fixed one

<C:/Users/nguye/AppData/Local/Programs/MiKTeX/fonts/type1/public/amsfonts/cm/cm
bx12.pfb><C:/Users/nguye/AppData/Local/Programs/MiKTeX/fonts/type1/public/amsfo
nts/cm/cmbx9.pfb><C:/Users/nguye/AppData/Local/Programs/MiKTeX/fonts/type1/publ
ic/amsfonts/cm/cmex10.pfb><C:/Users/nguye/AppData/Local/Programs/MiKTeX/fonts/t
ype1/public/amsfonts/cm/cmmi10.pfb><C:/Users/nguye/AppData/Local/Programs/MiKTe
X/fonts/type1/public/amsfonts/cm/cmmi12.pfb><C:/Users/nguye/AppData/Local/Progr
ams/MiKTeX/fonts/type1/public/amsfonts/cm/cmmi6.pfb><C:/Users/nguye/AppData/Loc
al/Programs/MiKTeX/fonts/type1/public/amsfonts/cm/cmmi8.pfb><C:/Users/nguye/App
Data/Local/Programs/MiKTeX/fonts/type1/public/amsfonts/cm/cmr10.pfb><C:/Users/n
guye/AppData/Local/Programs/MiKTeX/fonts/type1/public/amsfonts/cm/cmr12.pfb><C:
/Users/nguye/AppData/Local/Programs/MiKTeX/fonts/type1/public/amsfonts/cm/cmr6.
pfb><C:/Users/nguye/AppData/Local/Programs/MiKTeX/fonts/type1/public/amsfonts/c
m/cmr8.pfb><C:/Users/nguye/AppData/Local/Programs/MiKTeX/fonts/type1/public/ams
fonts/cm/cmsy10.pfb><C:/Users/nguye/AppData/Local/Programs/MiKTeX/fonts/type1/p
ublic/amsfonts/cm/cmsy8.pfb><C:/Users/nguye/AppData/Local/Programs/MiKTeX/fonts
/type1/vntex/vnr/vnbx12.pfb><C:/Users/nguye/AppData/Local/Programs/MiKTeX/fonts
/type1/vntex/vnr/vnbxti10.pfb><C:/Users/nguye/AppData/Local/Programs/MiKTeX/fon
ts/type1/vntex/vnr/vnr10.pfb><C:/Users/nguye/AppData/Local/Programs/MiKTeX/font
s/type1/vntex/vnr/vnr12.pfb><C:/Users/nguye/AppData/Local/Programs/MiKTeX/fonts
/type1/vntex/vnr/vnr17.pfb><C:/Users/nguye/AppData/Local/Programs/MiKTeX/fonts/
type1/vntex/vnr/vnr7.pfb><C:/Users/nguye/AppData/Local/Programs/MiKTeX/fonts/ty
pe1/vntex/vnr/vnr8.pfb><C:/Users/nguye/AppData/Local/Programs/MiKTeX/fonts/type
1/vntex/vnr/vnss12.pfb><C:/Users/nguye/AppData/Local/Programs/MiKTeX/fonts/type
1/vntex/vnr/vnssbx10.pfb><C:/Users/nguye/AppData/Local/Programs/MiKTeX/fonts/ty
pe1/vntex/vnr/vnti12.pfb>
Output written on main.pdf (84 pages, 6330400 bytes).
PDF statistics:
 1147 PDF objects out of 1200 (max. 8388607)
 194 named destinations out of 1000 (max. 500000)
 944 words of extra memory for PDF output out of 10000 (max. 10000000)

